Vin,Iin,Vout,Iout,fs,D,R,P_loss,P_mosfet,P_capacitor,P_diode,P_inductor
20.08075834556906,5.123611171275583,41.536956375296846,2.0768478187648425,152023.41575449766,0.5204615552177562,20,16.62006054087736,6.930116248418415,0.8279987992514756,5.618425884428417,3.2435196087790525
24.082367464376823,4.842793587098923,44.220954852639636,2.211047742631982,186889.50175577705,0.45980960546772615,20,18.851292314684173,8.78502716668316,1.8539196014297894,4.81705932937991,3.395286217191314
22.100097971097586,9.450628630813748,41.350314905756896,4.13503149057569,167413.0207625252,0.4703857826936163,10,37.87496434891756,18.27904873602509,1.8500839637997526,10.545839667438594,7.199991981654127
24.96025765896683,16.26439037698202,57.6374462582993,5.76374462582993,163558.15685591442,0.5708776330342189,10,73.75585335765788,29.510325976203557,6.953421288211759,22.68512122377337,14.606984869469196
22.250329650465396,14.072732782426437,72.32637246380823,3.6163186231904114,104638.59597697227,0.6948953712052757,20,51.56773580322346,24.321118417964104,2.521877116871656,14.940986219075013,9.783754049312686
23.88898252962111,3.6682349292456986,38.30784436538087,1.9153922182690437,177489.60958300985,0.38146695449002266,20,14.255853143184268,5.979540217579164,1.6258551755778798,4.086667904090019,2.5637898459372073
15.78276275518059,15.448313569882862,44.628880372419275,4.462888037241927,172191.27597357918,0.6495930455433149,10,44.643371711527124,20.160774401149165,4.066290171870164,12.78515248771404,7.631154650793754
24.448217522096808,5.276701253747537,46.511520962844195,2.3255760481422096,139768.7965514405,0.47860774105175297,20,20.83986093688597,8.920808048750171,1.0400402918630396,7.171135832620246,3.7078767636525147
23.057991456415863,9.866204575088046,61.71452692732105,3.0857263463660525,108298.20908193936,0.6294199096907795,20,37.060719106479496,16.94444139424061,1.7528891705050198,11.626616577438808,6.736771964295059
22.279015793346897,11.541994857603614,31.982685467643137,6.396537093528627,160520.4342491487,0.310523808600429,5,52.56585177484132,23.909155860995718,2.4310977789177386,16.647524353935488,9.578073780992375
18.701326102928363,11.210966721633955,28.9025579365134,5.78051158730268,161807.9256290666,0.35952432097747916,5,42.58837353565153,20.425121491643143,2.101480936412035,13.189459517172306,6.872311590424037
21.02178876220371,7.6263102767823625,36.219286064178284,3.6219286064178284,176499.2099388611,0.4248707092585571,10,29.135015373664203,12.199769100730904,4.32106427773518,7.908056655511428,4.706125339686688
19.979153825880992,4.97844451420209,40.84099151927317,2.0420495759636585,112607.59170031502,0.5147571181556994,20,16.06577934898978,7.063303851954893,1.7345545337047428,4.197895814576721,3.070025148753423
20.586214273089187,11.954357307592778,44.88247887183865,4.488247887183865,184851.12714817963,0.5454917490057984,10,44.65127006307014,18.78259866481585,2.6511288987390227,14.546686844731882,8.670855654783388
23.68830015978198,5.45889129874191,46.56765212669458,2.328382606334729,165373.61828915912,0.495422040038907,20,20.884544394578327,9.545213511073078,1.483191194691066,6.055310781898118,3.8008289069160655
15.627004669738332,27.846073269620778,41.645501333751994,8.329100266750398,199804.47046758927,0.6285676046805377,5,88.28116075033182,39.78530771578472,11.11701494751721,23.584680258904733,13.794157828125176
22.73598385601147,23.28576522970723,65.75577087537661,6.575577087537662,111131.640847384,0.6574048141960874,10,97.04264199599407,43.84639238768105,4.978484534325936,31.460775556789805,16.756989517197283
23.231877662482425,7.014352269011963,36.49511659935765,3.649511659935765,173817.57775565085,0.3692391788308475,10,29.767220235170896,14.061941644791872,1.979832782536577,7.827108819957604,5.898336987884843
18.54862516220557,8.307271834877172,35.518027804506886,3.5518027804506884,147281.53652545053,0.48250261017763113,10,27.935441473511943,13.055765962679086,2.8199185842132506,7.745307544392699,4.314449382226908
23.037557451749322,7.8399079591161955,38.437272669933236,3.843727266993324,108741.51938714918,0.4060992441764759,10,32.86993699428646,13.943090771907912,1.5940147259652608,11.037604256508628,6.295227239904659
22.392026901985375,6.0425133649171405,33.236523769242474,3.3236523769242474,180491.14307510803,0.332466163494636,10,24.837470596488785,10.346860663901884,2.96577769048382,7.415015385258002,4.109816856845084
17.381926903445454,34.304350118816664,48.73729515701058,9.747459031402116,109987.08057299949,0.6469796497030671,5,121.21091839115826,58.48672937687538,10.038186705610705,31.49767798626108,21.18832432241109
17.369364112635292,7.314664849777725,46.121901723745495,2.3060950861872747,150495.7863589267,0.6264694628511114,20,20.689586206942167,8.896152246393047,1.590430624496729,6.365124527374739,3.8378788086776514
21.429572508534108,6.051113839832537,32.54541147383211,3.254541147383211,173564.53078380506,0.347579064526694,10,23.7524019879813,10.052415077323156,2.423312623091837,7.356988597302888,3.9196856902634165
20.889667783903125,5.475339894066087,43.794670635321154,2.189733531766058,115562.9535543938,0.5268621371949328,20,18.479372588178848,8.43251900811147,1.252208056662301,5.814126007152189,2.9805195162528877
17.688690696966965,2.3663117623013328,26.45887056666144,1.322943528333072,174125.24305871595,0.3369376999755835,20,6.853365272775939,3.3288549264532734,0.4637864132877618,2.0273994704487244,1.0333244625861793
23.71506219443502,16.192119331620916,56.052209441705365,5.6052209441705365,145175.74445697342,0.5807571526683566,10,69.81209867942323,30.521160798927234,6.838191185936909,19.555462840856087,12.897283853703
15.15395103477244,14.06438601612592,29.169324794059243,5.833864958811849,172908.4965553562,0.4857192961303137,5,42.96111523424656,17.34212087121944,5.886487200746779,12.938767401310498,6.793739760969847
16.24181255262548,13.4455470231443,29.52370127321628,5.904740254643256,113123.16045802683,0.4554204931591507,5,44.05026704339872,20.62274323518716,3.5794611313761675,12.719779833915885,7.128282842919502
21.95209976669534,8.471916365737426,55.812588532861774,2.790629426643089,124008.82904217584,0.6098779477210332,20,30.224101338840313,13.722338069196422,4.090183810437028,7.590779242886441,4.820800216320422
19.351738729044964,3.973746132576653,35.90870491169874,1.7954352455849372,108716.30519659942,0.46543955861004,20,12.427142511403389,4.973239559784619,1.757347375394037,3.482218986900721,2.2143365893240117
15.944340967716695,3.948913767846215,32.49405478986639,1.6247027394933196,131879.5882871176,0.5132778613800445,20,10.16964773230896,4.6046780539243395,0.5814078394372069,3.39365548298598,1.5899063559614333
24.213996110586713,47.3394235243206,67.57610285596107,13.515220571192213,183717.74076592602,0.6453194107496476,5,232.97068165543033,95.85575696226022,32.569013904358044,64.85824089071767,39.68766989809437
19.46089224449827,33.812151035586375,51.21437083465284,10.242874166930568,156813.11738824114,0.6238638130851324,5,133.43227186037916,59.36847852090748,16.787319770329134,33.826442275629276,23.450031293513277
21.52752117019405,10.649363969594553,43.32394629667615,4.332394629667615,199711.7183329344,0.5076071440341783,10,41.55797603282059,18.048483010770248,2.9284237768128047,12.548471359765005,8.032597885472534
20.244023731344416,2.982997176861698,31.79542208476507,1.5897711042382536,137607.8108367159,0.3684914195298587,20,9.840422361503286,4.000849372752298,0.8101346417168169,3.146348955659006,1.8830893913751654
20.371371310926538,3.130743026195938,32.68101356871647,1.6340506784358237,137904.71010241954,0.38173048884022975,20,10.375096271799755,4.995803320862897,0.5164377953316521,3.236718466484472,1.6261366891207347
16.261852683860372,8.900568263202741,34.42248725966542,3.4422487259665417,192605.7031751661,0.531864276084227,10,26.248966984663156,12.964353803705809,1.3114273474286013,7.573409704346429,4.399776129182318
24.63106905655242,24.425671396203207,70.10257186685457,7.0102571866854575,153100.2849528918,0.6518601286240427,10,110.19334067778726,45.32056473238579,10.434361938137204,33.58720254721062,20.851211460053644
19.640319755542897,8.082773609211477,36.048762075365765,3.6048762075365763,116203.04971026613,0.460115106917781,10,28.796933479944045,13.662657145451707,1.4169460714500899,9.311163855998178,4.406166407044069
22.773242170053184,18.92088147108739,59.35285550158528,5.935285550158528,102750.73128490348,0.619807693669089,10,78.61367019273905,34.99140449197153,5.291885946830083,24.461360431532952,13.869019322404485
23.253225030602934,39.68100969844188,60.64918919963106,12.129837839926212,162422.13449941203,0.6204807103147052,5,187.0466178448777,83.19923433113189,15.569099645033981,58.05919859370325,30.21908527500854
19.00966515697077,23.449017658144523,42.17878329773397,8.435756659546794,104867.98738309984,0.5538545964516466,5,89.9480218457818,43.126088748044566,4.435766780903611,26.823932354719464,15.562233962114144
22.36519604914838,22.54861123518433,44.86966132516001,8.973932265032001,101258.51839592376,0.5065752545940709,5,101.64680942401549,45.91827278645339,5.879043859652942,30.406240217633997,19.443252560275155
23.461489277587454,18.518363293246516,41.64032798719925,8.32806559743985,119034.10381567235,0.4422537256839785,5,87.68499886666643,35.17223815348798,12.72577888119353,26.56313744445881,13.22384438752611
15.759746691745804,41.14488976018441,50.78447480508418,10.156894961016835,141366.32988023577,0.6928473906472075,5,132.62046403466616,56.020857202245914,14.03383522135,39.35738478408574,23.208386826984512
24.078453418843115,3.4056352916195647,37.04451945813361,1.8522259729066803,132507.06261704804,0.35531887235024157,20,13.3876096366279,5.462234808378703,0.8726429715026334,4.684525702360144,2.3682061543864195
15.980849693776092,10.398705397274247,25.740196795275146,5.148039359055029,199100.61163596401,0.3854374389636274,5,33.66860175179937,14.986792057565049,2.1793148823847988,10.035031200850904,6.467463610998622
23.032459988458736,22.791108083534255,45.7783649841927,9.15567299683854,164048.77599392476,0.5019406185817825,5,105.80354490144913,45.89139094558822,5.18686125660459,36.21383365777081,18.5114590414855
23.96029912971818,2.987980339709774,34.589143307003724,1.7294571653501862,105039.15713257939,0.3129837892585285,20,11.772460997541103,4.813426515427885,1.4884743371507314,3.3764513128596443,2.094108832102842
24.198086863095856,14.673425658796322,37.614655517757015,7.522931103551403,199769.85635020013,0.3632158349027419,5,72.09636672682728,29.341541377685562,8.290130509663156,22.79465887057419,11.670035968904381
23.740573244523762,16.074667141696196,39.011828077345385,7.802365615469077,169837.72189537872,0.3976101839811404,5,77.23726667150726,36.24509510087806,7.817916737647396,19.78706462118487,13.387190211796929
19.209548107940776,7.321548590282525,33.92731573573102,3.3927315735731023,169043.90080817766,0.4389432514796083,10,25.537364566459942,10.92597316612187,2.407089035933785,7.5811580295520375,4.623144334852249
21.642245529294186,3.2642051617413608,34.39304352208083,1.7196521761040415,165177.2977399063,0.37585976356643247,20,11.500657432808666,5.036049465545795,1.3863634323420604,3.1745219291162585,1.9037226058045518
21.978727761318225,20.083796971224317,41.97825606811629,8.395651213623257,120437.6763899126,0.48170304857488144,5,88.98150954005843,39.236232180603025,8.570112165322914,25.96868143738891,15.206483756743577
20.47963733713004,50.35632666800191,64.0564387308245,12.811287746164899,135479.4093862032,0.6835525925768063,5,210.63383921555453,94.06920128684594,10.086184515414292,69.35497993559095,37.123473477703406
21.589048144527993,9.474315719164675,58.514797595386206,2.9257398797693104,132807.88316524826,0.6340569039832232,20,33.342381316053775,15.818497662843567,1.6466027290389562,9.40504879342017,6.472232130751083
18.58100858210666,25.919281983673702,43.83421398931043,8.766842797862086,192357.15971775062,0.5803900044951669,5,97.31873776855196,44.05280650595715,12.471922485865088,25.545888643056344,15.248120133673373
22.348434303345762,8.732552414335263,39.96695023651141,3.996695023651141,119894.5999020673,0.4459018847065046,10,35.4231628115171,16.547722283418114,3.412152289713392,8.927481096809812,6.535807141575784
16.556148068256697,9.024214052325492,34.97309229424581,3.497309229424581,130151.2570727868,0.5308957299905014,10,27.094505587760068,12.520314731402225,1.266982194053086,8.858348571831126,4.448860090473629
22.130316466431594,8.749158551997702,56.945253873246635,2.8472626936623318,138033.52084460226,0.6145351602217357,20,31.483550636270024,12.678223266088578,2.282221563558532,10.524077334613418,5.999028472009495
21.472572162448778,4.617097404734019,40.77381137902707,2.0386905689513535,165251.85549046518,0.4776271433933913,20,16.015772485582318,7.861878763756387,0.7891422222191087,4.431230693616301,2.9335208059905233
16.294052310678705,17.054666967133134,33.307211960379654,6.661442392075931,100249.32461710407,0.5157256401015202,5,56.01556198893988,24.556347114167494,6.538623649287729,14.346014215274945,10.574577010209712
15.164153316700276,6.431127395829572,28.25537502363346,2.8255375023633458,119695.29827472866,0.46818435954434356,10,17.68598005697406,8.185340063187116,1.3060748561564313,4.853982793896624,3.3405823437338884
16.625238842732518,8.073799088055885,47.38991612456517,2.3694958062282585,163804.0801926917,0.6520488519254463,20,21.938630692499004,9.79663368481968,1.075723047236905,7.01420900355141,4.0520649568910105
19.217011158866434,4.534808864369851,38.22856524859667,1.9114282624298333,157135.70313482868,0.5013720720084798,20,14.074312501611217,5.663048374257762,0.9982012034689061,4.837083876350834,2.5759790475337145
19.078398964963696,16.31514580710554,35.24894330685148,7.049788661370296,177848.2536914079,0.46420992533347616,5,62.769260029588196,25.486300570040765,10.192276670179675,16.890466854955893,10.200215934411853
17.123666019126627,3.781750791479692,32.95378338720831,1.6476891693604157,166208.42072471656,0.48456988601076245,20,10.459845544313708,4.306642753893244,1.6355990638218079,2.843663699862262,1.6739400267363944
21.13228958785664,16.93685853651935,37.79506101731665,7.55901220346333,178922.16197933824,0.4465128081912685,5,72.22127184175093,29.83076239253832,7.216847855635615,23.713959101745708,11.459702491831292
15.9872974510195,13.871118469683568,29.752853186671153,5.950570637334231,104623.54006028501,0.46808071640517535,5,44.71524240364005,18.394775778928675,4.40249932040345,12.978511377148287,8.939455927159635
17.18624172223032,4.444062123873162,24.964898380105996,2.4964898380105995,160765.28158214907,0.3179166357241117,10,14.052110776590538,6.6302649754612375,0.6948149152097701,4.197450062731497,2.5295808231880352
22.603211808213125,13.233520970075576,70.70666890105744,3.535333445052872,118800.18865090705,0.682950484774718,20,49.14842610086009,20.90638644873325,6.570589279188017,13.073364916730085,8.59808545620874
17.891232068140994,2.768003244106182,28.798884738265055,1.4399442369132527,156239.17876131344,0.3838044536168691,20,8.054200297277035,3.475943488820352,0.7737854430639264,2.4054635519935186,1.3990078133992376
24.67769681202676,13.494192134174005,36.40810731531401,7.281621463062803,194789.4229945264,0.3291020745059586,5,67.89552655369812,29.918317755328044,5.2460649983328445,20.779601947367777,11.95154185266945
18.624395643491518,10.017049955438088,39.0809125900719,3.9080912590071897,182534.31928470876,0.5277609020914684,10,33.829728663414045,16.287614823191767,2.3278470459459095,9.0258119706589,6.188454823617469
19.960239809165877,7.757349459102861,50.925620091136665,2.546281004556833,192428.15934099676,0.6112365074980388,20,25.16761640385721,11.663222741778789,1.1933856135149605,7.885211695983418,4.425796352580037
24.9823109557518,37.04047751154209,60.753928542861146,12.15078570857223,184334.89916535764,0.5929533416272212,5,187.14876046466043,85.28336585611352,16.686975135013945,49.0083226846057,36.17009678892726
20.706327285415345,6.2733391628368045,32.58411387709195,3.258411387709195,192540.711957302,0.3703302605915318,10,23.725366162582745,9.845181387020917,2.004360323015576,7.806509868327165,4.069314584219087
19.16032942313166,12.72540396652236,44.666890201265716,4.466689020126571,172642.40377011485,0.5749372865302651,10,44.30982401580201,18.2452787478356,4.797936508923818,14.510274606741921,6.75633415230067
23.511988362831286,13.345513704272333,35.34878326725001,7.0697566534500025,170080.37495712398,0.34162695801394855,5,63.87226721585367,29.890766340000724,4.707343166542211,19.300420387483467,9.973737321827267
24.27763249854567,27.87910284869015,51.977966168080904,10.39559323361618,182359.79976022686,0.5376342524198225,5,136.49681995562457,60.81064270200007,11.42818061950106,43.383247676104084,20.874748958019364
17.03424018032847,14.482776741608498,31.380834128552284,6.276166825710456,138533.68432559617,0.4626504081701886,5,49.75174737389179,23.043895745748564,2.4099857285713244,15.256528568396966,9.041337331174939
23.602725654395115,21.553903095445314,45.06549184220969,9.013098368441938,199552.28554832147,0.48153609154109916,5,102.5511505471598,48.27827964869905,4.882312808255309,33.960900069997614,15.429658020207835
22.29680557384757,2.7234712288217677,31.85131086352186,1.592565543176093,174142.7662182824,0.3057357263386594,20,9.999408288771406,4.632941647653052,0.48162072246756,3.2560518508887197,1.628794067762074
18.598452722143303,16.658135586741235,35.167951473518876,7.033590294703775,167447.8024409501,0.4764841216044513,5,62.45858498030404,28.13526308423757,2.9332650957799182,20.32983089547264,11.060225904813905
19.775730092783217,12.139804497442421,30.931141727605663,6.186228345521132,108130.37941999266,0.3671413189027625,5,48.72639140593148,21.610569054236677,4.7170755877755575,12.661219702693977,9.737527061225268
24.941495749430896,7.460269467686006,38.99600652516415,3.8996006525164146,165136.20889259645,0.3662527375728574,10,34.00142672683515,15.917583975465503,1.595239340659551,10.984400330314454,5.504203080395637
20.788147506461428,15.572441496210221,51.4565639510249,5.14565639510249,199076.73509854177,0.5996839434346225,10,58.944413494367495,27.117031658948672,2.9191970879476368,18.664609810400012,10.243574937071172
22.733801488576994,5.490493990638164,45.75159798511663,2.2875798992558316,194229.43808106973,0.50711629253208,20,20.159364547806533,9.615917394414963,0.9803451640452367,5.923691348859781,3.6394106404865525
16.432886789925288,5.323991629638553,38.293159057363106,1.9146579528681553,147672.96635922004,0.574341527359439,20,14.170250190734691,6.530902448689061,1.3602035469080596,4.064972842821087,2.214171352316484
15.630209623391448,8.088055002788556,22.424748342223303,4.484949668444661,149187.1974206358,0.3101174591240485,5,25.844127496695663,10.946715921328014,3.256213781218615,6.918159157252827,4.723038636896207
15.318115266512361,25.693775104326704,39.61188950498507,7.922377900997015,153819.99114465338,0.6172133403708857,5,79.75985064889284,38.544879082050485,3.922319068861279,22.642049996103406,14.650602501877673
22.35620675383129,29.66400252073837,51.44173439557056,10.288346879114112,175350.32670900924,0.5697953839277632,5,133.92416597491422,54.50218672670162,14.899121858404964,39.98134817872558,24.541509211082047
15.315844005248438,2.5759871040672655,25.711572610354125,1.2855786305177062,152984.12095925928,0.40915181838018455,20,6.39916834055029,2.6996871768510022,0.31606351412029576,2.1825578442967357,1.2008598052822566
19.295281263073676,42.51643240480245,57.14965325124259,11.429930650248519,187820.95231695066,0.6658123158791686,5,167.14994820567063,70.449164136481,8.143308132134212,56.27306372375246,32.28441221330296
17.651227927954928,14.262767836379568,45.37063988410079,4.537063988410079,102235.91982588469,0.6145018246053819,10,45.90586961416457,20.769622141228133,4.6488812744122825,12.71445500490555,7.772911193618606
15.03590238087906,34.4519638074552,45.40816919162722,9.081633838325445,151307.8558973745,0.6722485505368692,5,105.63599877138614,45.493793433523145,11.238774777416825,33.00079114498406,15.902639415462128
20.23664844618871,10.89726268114921,60.72520602779403,3.0362603013897016,126688.22681916103,0.6694816158700644,20,36.146541548286734,16.549743614381185,1.698335852749683,11.825031908729454,6.073430172426412
19.07188045131688,26.6221042725697,45.00746466173678,9.001492932347357,159086.68291077256,0.5805321394229157,5,102.59921499344449,42.13451314256986,10.759869688539432,32.458840831543455,17.245991330791746
16.332350459799734,5.138383458099745,26.194273967866817,2.6194273967866817,188189.7358606886,0.3821781703674607,10,15.307880564156207,7.019446634740569,0.7562358288926051,5.247328424922192,2.2848696756008415
19.410914186288196,10.909614679772982,29.038016526757843,5.807603305351568,195166.9908858621,0.33834080733636895,5,43.12431359289101,21.51395016502286,2.8507905490040057,11.939025742898732,6.820547135965417
23.75427988286266,8.213402090001667,57.17815856847621,2.8589079284238106,118708.35071541443,0.5879249944281992,20,31.636361172298223,14.244541295154024,4.020228687501633,8.297059232914924,5.074531956727648
19.691629013412182,7.456399902697813,49.59365948516594,2.4796829742582966,115117.13650710626,0.6061656801204371,20,23.85210760303856,10.490551344879643,1.2276666554913493,7.550302763922814,4.583586838744755
17.600409426452323,4.344126990745507,24.97049137956338,2.497049137956338,177519.9860493472,0.3016535586201912,10,14.105869663938286,6.116968652827382,1.0794581933221736,4.3024191049182425,2.6070237128704874
22.961407636199716,9.280534911096947,59.737210766660034,2.986860538333002,173405.45384181337,0.6187529949850492,20,34.667427666661325,16.023347267972664,1.6126444405126257,10.73936993424815,6.292066023927887
20.12099352301538,7.268729351999027,34.593758975983036,3.4593758975983038,109407.09170520649,0.42364901723634724,10,26.5812402032835,12.833079156140295,1.3212640061414909,8.13040678511924,4.296490255882474
20.558484192008205,4.728203671761658,40.37464322257107,2.0187321611285536,150654.60923232022,0.49491891488117146,20,15.699109675011982,7.436379960782323,1.0338891932083538,4.735100399652257,2.493740121369046
19.475239218050422,15.08346471974879,34.238366196217164,6.8476732392434325,174793.64717544208,0.43692806136752604,5,59.30093969687832,29.095817165428013,3.117549678734503,17.191981346449147,9.895591506266644
17.887683815828012,4.444314580488215,25.46325752644456,2.546325752644456,132672.25407339202,0.30398749688888255,10,14.66074560804394,6.283094314773958,1.7943539668066344,4.267357930753873,2.315939395709474
22.18572200270435,6.493918074547971,49.14694828543859,2.4573474142719296,149965.1190625992,0.5522343623813399,20,23.301134821679625,9.749327478027842,3.428899823349776,6.011924041925267,4.110983478376736
21.13841257449617,2.813701448379263,31.539202509371385,1.5769601254685692,163247.6447604744,0.33526185087202953,20,9.741117330941378,4.250983187082205,0.48302931802951626,3.3761166082661807,1.6309882175634771
23.16947707802354,18.797088750389083,59.67399280644048,5.967399280644048,129303.1961146084,0.6152725933985623,10,79.42017518940298,31.797364065975948,11.023617558085851,20.71925624183736,15.879937323503823
23.040187985880287,9.498148371430258,60.53437905399659,3.0267189526998295,195151.5452401354,0.6224841878161482,20,35.618571622888794,14.767576667627232,3.0393067555932296,11.055715561523535,6.755972638144798
23.61837004322015,15.548437994322208,54.81795275173596,5.481795275173596,149788.9034194113,0.5730634229885061,10,66.72796775481004,32.3359017031236,3.2659089069575327,21.229917850943227,9.896239293785678
15.007495738029986,6.027337218768319,27.21073477257568,2.721073477257568,148457.67182252702,0.45347515862246673,10,16.412828935989126,6.819469667095555,2.0773399060104003,4.762867979217898,2.7531513836652737
18.984862685535532,4.677584069885348,38.590199421100635,1.9295099710550319,127997.38661201294,0.5120122363840384,20,14.343116698805986,6.658713535250257,0.7056321638834457,4.610098391424623,2.3686726082476577
17.303228316425333,9.03018363068127,24.932124961701263,4.986424992340252,136771.5809807557,0.313077523770708,5,31.92915807974724,13.831302488368427,2.2224060106793275,11.047652827162192,4.827796753537287
17.634610459622877,3.1761814867102163,30.640235577009022,1.532011778850451,165119.82345460224,0.4291219975962745,20,9.06952145647005,4.249296680425209,0.44157732752638595,2.972769376524695,1.4058780719937605
17.374631541345522,9.519426540206831,25.65904479298086,5.131808958596173,120849.01269171861,0.3297675612500877,5,33.719212683359615,14.51474074103289,4.95202203805222,9.135910918976826,5.11653898529768
21.594723147171248,46.88565565379646,63.49230772198138,12.698461544396277,155464.11091671104,0.6633482505078871,5,206.22812544478347,98.80685247032778,12.29634768498606,64.02103450961005,31.103890779859636
16.538536031555065,14.765724055669248,31.222703124356688,6.2445406248713375,131377.86047940655,0.4756435572414438,5,49.232021248342676,22.838742084391573,3.3605974741383466,14.687205596974573,8.345476092838183
19.086784882525976,11.448560246630974,29.506758158515137,5.901351631703028,133598.57118950278,0.35970827063996563,5,44.38645123706402,19.84027016992771,4.041166291763274,11.92206417427967,8.58295060109337
24.40251128533938,3.2385226179677535,36.35457266751688,1.8177286333758438,130708.78490712823,0.33426128668540545,20,12.945337040896675,6.181038637285691,0.6249870487545934,4.075151738874658,2.064159615981734
19.92252376401646,11.097483393594432,29.668965225138056,5.9337930450276115,152533.25145523215,0.3353461091732368,5,45.04037712357285,20.48311213142973,3.7159254393332155,13.845476389521663,6.995863163288243
23.797581362967655,12.296812991197038,48.94698057111467,4.8946980571114675,118759.45143828724,0.518216247929587,10,53.05371696030144,21.918310352244525,9.52512024410778,13.292684983820054,8.317601380129085
21.321606544301446,3.4724294179895248,35.21866591655547,1.7609332958277737,149959.8795372301,0.3995079720372523,20,12.020052356133,5.327101421573868,0.5991844048534551,3.8094842994004026,2.2842822303052746
21.449664797048946,20.410802923869284,41.80675137735696,8.361350275471391,172788.79362929115,0.4921036845719826,5,88.24398880999507,40.84535537717846,4.149288604982367,28.085660159754777,15.163684668079467
22.61039047531014,8.29862607076024,39.184619661781404,3.9184619661781404,114645.72688930537,0.4282199297797131,10,34.0917340646312,15.590232571241568,3.294559071987212,9.854493033470206,5.352449387932211
18.604881972713834,27.90949141319172,45.509232644011476,9.101846528802295,165436.29298342415,0.5953192218018013,5,105.03474249155028,45.74543199774957,9.765476932810756,30.568942831308906,18.954890729681043
17.148166000008658,2.9972332042968635,29.34926902404509,1.4674634512022544,118925.36739297844,0.42045450463838346,20,8.328072915731845,3.884258446371754,0.6763050280593212,2.174643909704444,1.592865531596325
20.725160388661994,2.616280877543662,30.104403808124225,1.5052201904062112,158894.71909376944,0.31721291888401076,20,8.909084376751522,4.305849492688944,0.47071401323766193,2.630203628411332,1.5023172424135842
19.55952434301721,2.675657898429635,29.589217183541486,1.4794608591770744,128989.09767858728,0.3443695566071921,20,8.558507121181364,4.109494027108275,0.41704482178366187,2.6066952032081456,1.4252730690812812
15.990987321795005,6.375403274004163,41.32034745107808,2.0660173725539037,194095.7675111125,0.6161466715335858,20,16.580437252040213,7.20383659684861,1.2986496097990963,5.423162285453047,2.6547887599394593
15.94802808611933,25.2996061898387,40.11176017712643,8.022352035425286,142454.7185849495,0.6064349598735869,5,81.6881691818449,34.712780755872295,4.0750172430081095,27.102182115632186,15.798189067332313
16.6596377801785,12.980884956905278,42.053723627172594,4.2053723627172594,140035.1222442169,0.607457926896328,10,39.4052743571485,16.91769855262479,4.163304544082644,12.012103804235657,6.31216745620541
21.66084548625973,18.93656463850071,40.46470272924712,8.092940545849425,115755.6063657669,0.47009432911332627,5,82.70356728186584,33.409736978299826,9.21991377404224,24.69334561379996,15.380570915723819
20.8944029084387,4.237861887202996,38.53211527570571,1.9266057637852856,154110.5755990802,0.4621226703255513,20,14.31139836052212,6.608032161752126,0.7077485219333404,4.868139931211932,2.1274777456247222
18.50854392588872,3.5039621277990407,32.97322566840739,1.6486612834203693,154069.2490421635,0.4432199563873801,20,10.491556408033063,4.490781834719677,1.1512324883585903,3.0736521401606876,1.775889944794108
23.187166407204117,4.3008375337909985,40.88660855637341,2.0443304278186707,130180.38372579892,0.43747973202046214,20,16.138497624255876,6.827379885620603,1.7808042593955746,4.978103625136824,2.5522098541028746
20.45491530317364,4.133401395277333,37.65177365008697,1.8825886825043487,153710.2892225238,0.4611247568585228,20,13.665572504548393,6.024853126277985,1.947172789318783,3.522074274904097,2.171472314047529
18.673726685900746,17.382592320376496,35.99782650427395,7.199565300854791,179970.69210233394,0.48648222377906164,5,65.4290754767863,28.35093792636837,8.220883074806478,18.895870270574004,9.961384205037438
23.10717176510572,21.245742095458887,44.270127273447414,8.854025454689483,157363.5110856803,0.483302194266643,5,98.96017811545909,40.36010461209425,7.704644446813026,31.86384662822085,19.031582428330985
17.757497806366487,11.127133937735074,40.21317127815235,4.0213171278152355,153652.8656411052,0.5624252177202087,10,35.880142065874935,16.8912504336531,1.7547925305774068,10.629312865065474,6.604786236578957
23.31504040916853,6.4689483306322835,50.288143253250865,2.5144071626625433,196933.79165045894,0.540118036545536,20,24.378924140540988,11.885264379518038,1.607431999229095,7.17455382868285,3.7116739331110056
24.035151419333594,4.9375557517128215,44.608672092288046,2.230433604614402,162544.85163962023,0.4655536091313045,20,19.17821884195527,8.193148704400954,0.93381637953894,6.483854912375425,3.56739884563995
23.8412840838852,11.480575375361584,47.33877847649798,4.733877847649798,145639.01064773707,0.5009334930915328,10,49.61566420575761,22.536039673633653,4.544983192527907,13.987152203688723,8.547489135907329
16.789597776590462,2.479957481485104,26.40197375009909,1.3200986875049545,188864.99966471543,0.3692586851135297,20,6.784277722135116,3.3609291725343318,0.33690061218106526,1.9126587642085822,1.1737891732111365
19.256465938611733,21.54118971224475,40.691996762402184,8.138399352480437,170027.11756009044,0.5315460287009973,5,83.63946586874454,37.449721956212414,9.462392696880016,20.959273426241165,15.768077789410942
16.677585065465596,9.497288002789212,51.456310762739356,2.5728155381369677,174512.1405203127,0.678549018470317,20,26.004232692162645,12.264158387991541,1.2490334518085704,8.28751737809051,4.203523474272027
20.565322284950696,9.446793618248172,39.882077561624506,3.9882077561624505,161770.2066722298,0.4890206368773916,10,35.21834425554587,15.442073339410376,3.3842978002418693,10.519194718027654,5.8727783978659716
17.63192801957721,7.347376523967417,32.56548160318133,3.2565481603181334,128172.12602613734,0.4634802209775858,10,23.4973547986107,10.631326061967185,1.0983198949106177,7.380433249727633,4.387275592005265
20.819833173181532,3.614840143759597,35.51440664648844,1.775720332324422,138574.81268837344,0.41851401314221837,20,12.196714768187249,5.456650000811467,1.6842114659018659,3.1307836619807525,1.9250696394931635
22.52379154230018,18.94624881623109,41.27192095273899,8.254384190547798,128522.54566425373,0.4597620808704461,5,86.06706701951356,38.56720941216748,4.0226358884103774,28.090628538913723,15.38659318002197
20.8278825467833,13.48120332570764,33.4580762358396,6.6916152471679196,126588.21337102384,0.38380015102099063,5,56.89634637649223,26.08459093011436,5.124961867788141,16.010789959297085,9.676003619292647
18.64172807076983,3.030062438812549,30.761854494794296,1.5380927247397147,128216.33509607025,0.39891808849717947,20,9.171015423852381,3.6798645470989584,1.1337671048347944,2.5583294315990424,1.7990543403195862
22.75269652874421,40.81711921143555,60.83855310990608,12.167710621981216,143472.2529878777,0.6298092462982421,5,188.43361769399576,85.77051787975937,8.945133003359224,61.6440453783209,32.07392143255624
15.731069852503616,16.570702751957878,46.13688171621127,4.613688171621127,181997.80892506868,0.6621618651185255,10,47.813697046556314,22.084568695790065,4.8852455360846045,12.055701265909434,8.78818154877222
16.85072832081853,6.8408861325175705,43.93598406220344,2.1967992031101717,195898.065539816,0.6195909636759918,20,18.755378916998836,7.582289384863083,1.3003754498148612,6.436578549620205,3.436135532700687
23.087122924382776,12.356992542634266,33.694431274165225,6.738886254833045,153461.41705490224,0.3218009959072755,5,58.22446602958988,27.897583696022664,2.8125597246253347,16.83676918135729,10.677553427584579
23.305152894256363,17.097809779950435,39.87213828234576,7.974427656469151,174380.09382946935,0.4214076400733096,5,80.5095888373562,37.808444917921065,3.818088728456822,23.642102801831875,15.240952389146429
17.347554871505316,11.525875581105597,28.23640808739255,5.6472816174785105,153856.5724775069,0.3918518108700448,5,40.48681074981906,20.21785062449088,2.407201154248983,10.77995611287904,7.081802858200155
18.52791433810749,5.358355036224337,28.480323578111197,2.8480323578111197,181469.74502361362,0.35540054928793363,10,18.166259992939715,8.524917537309836,0.858257599555026,5.501645531118424,3.281439324956431
22.70509820447527,29.322894554698788,51.54466927005972,10.308933854011944,152434.81415589823,0.563952754578402,5,134.4086144719414,65.88757683160945,6.673644099064885,39.08929920812989,22.758094333137162
16.15846792228114,21.189557599775103,52.84291521439392,5.284291521439392,131980.60549827872,0.697037006481014,10,63.15341792773211,27.373023018957763,7.210288378596998,19.046245567427704,9.52386096274964
20.754530264280564,22.745464249844115,43.410603907425454,8.682120781485091,128993.50888568214,0.5267213497328631,5,95.17531982702485,45.49385304602464,4.650330158338244,28.757884876965225,16.273251745696744
21.868372671418626,23.009098632471954,44.81869896299085,8.96373979259817,148654.0264463662,0.5169881351279578,5,101.42838838128591,42.79623863755993,8.605761219428988,31.430242294948734,18.59614622934826
16.655056826539614,4.788848384071533,25.526574871564375,2.5526574871564374,126038.25481423034,0.3535113528219624,10,14.597939503035605,6.484040580595152,1.4675772991817801,4.431155589249588,2.2151660340090835
18.292261945254698,6.701453231430796,45.31773225973916,2.265886612986958,175185.61599027127,0.599631610738602,20,19.899895064935507,7.98532226110264,2.559928134988535,5.537651063062325,3.816993605782007
23.024215648874303,40.359898072490104,60.860080747058,12.1720161494116,101381.19280988308,0.625522432582469,5,188.46511107991455,85.80259626571272,22.778843692462345,50.38975947635204,29.493911645387442
21.405867646921088,8.28670353626044,38.102891551193395,3.8102891551193396,182587.25375055888,0.44330801858716284,10,32.2010446702634,13.95789248693021,3.618461538093193,9.215126243470085,5.409564401769913
23.086859822879045,58.584453585673444,73.35139433167667,14.670278866335334,143133.84209388576,0.6884732416752006,5,276.44565765218067,123.10952036362843,13.240201230350166,91.78680735683184,48.3091287013702
24.307514435868892,18.206285699601807,42.021728849517594,8.404345769903518,104748.26562096647,0.4273905834119378,5,89.38441336614852,36.85831315432174,9.912243817153456,25.552125203372515,17.061731191300808
18.11438059072148,4.647497590219138,37.573067413773394,1.8786533706886697,106726.91964652343,0.5217833145243761,20,13.599770399692403,6.322884334036287,0.6749152526814411,4.379468942079253,2.2225018708954223
15.111454081576541,3.3825603596341525,29.277798542882433,1.4638899271441217,194081.69647094962,0.4880278534821919,20,8.25593117689209,3.4396939612253594,1.067635934941079,2.4052911772290195,1.3433101034966333
19.931955528773003,53.90577425441954,65.36503158836052,13.073006317672105,111674.20216305013,0.6981878508576824,5,219.9300242736931,89.2746653697896,31.502551019505397,60.578058142574186,38.57474974182393
20.57078249693238,40.04041108392088,57.28329536860932,11.456659073721864,163216.55274458084,0.6445428063304971,5,167.38740183762923,67.91101601533003,23.3576584909125,44.9414591694952,31.177268161891497
21.106404193533645,12.560878645374853,32.49983442072081,6.499966884144162,170255.06102032046,0.3571665721540653,5,53.86713424035321,25.437955607980758,4.666015706810448,14.856641725323296,8.906521200238707
23.348530033417873,10.884134787313254,45.613774218544464,4.561377421854447,182129.91781035915,0.4927649309120027,10,46.06690812331658,21.062909927377632,3.669573107776214,12.157795095384932,9.176629992777794
20.697370636089467,13.347612590104776,33.186975260252716,6.637395052050543,128201.98238074046,0.38265992150513,5,55.98541949940747,26.4869985670887,3.0666966680187144,16.25552643110093,10.176197833199126
22.039303654696724,3.0479338897230837,33.52469513569011,1.6762347567845055,138298.92658538488,0.34796732319983653,20,10.979081317999757,4.554395592761047,0.8054855912534404,3.7475621736691966,1.871637960316073
22.236081208097378,5.770821898358175,46.387453725873925,2.319372686293696,115784.42989037208,0.5245165846205007,20,20.730671210854325,9.455957570778995,1.9216821358316105,5.997661937244342,3.3553695669993777
21.865324061722266,24.446978068219924,66.05677500995846,6.605677500995846,173375.6867311481,0.6720321429555312,10,98.19134531981842,39.792226911098204,16.14999293871511,25.483188669793446,16.76593680021167
23.469040965285156,7.925511145009066,55.831219448776984,2.791560972438849,142400.09187246117,0.5830496639911666,20,30.147892476167186,13.48596666183418,2.1444449886811103,8.57153982787608,5.945940997775816
15.449576438425533,14.496896946820524,42.77864236962378,4.277864236962378,141957.159996751,0.6421515376243832,10,40.96969320106433,17.263769560007454,2.8246363784837056,13.122737092300461,7.75855017027271
16.066441738219588,2.738749480035563,27.15424146139487,1.3577120730697436,126524.87926502673,0.41312321166380817,20,7.134317489383754,3.025492234441213,0.9554393693551797,1.8083270616816096,1.3450588239057522
15.845722640522686,4.4926266949772815,34.548383623443854,1.7274191811721926,182862.31072045176,0.5450545247965194,20,11.50937598638594,4.894056808849836,1.7812354646978439,3.08027201930792,1.7538116935303405
16.404608614647636,21.79265335261793,53.99417894237582,5.3994178942375815,107727.30519594255,0.698981129538988,10,65.96281295825577,26.619376686084237,6.3536704764931,21.877352934852162,11.112412860826268
15.3105157081598,13.345225420632174,28.55912410300783,5.711824820601565,123993.44929826252,0.46930576594649387,5,41.19756952532185,16.934016425418257,5.657713121884294,12.286434333971194,6.319405644048109
15.500355075099083,8.84947891545187,33.50907699548317,3.350907699548317,187516.80023203488,0.5416239646080188,10,24.88424131018479,11.149505546566335,1.6528648819558454,7.515332757422875,4.566538124239735
19.3953189330434,10.265534399390669,28.14659588082888,5.629319176165776,151319.66279851872,0.3179533463227271,5,40.6571417585715,19.416196799102213,3.6008315510740694,10.416732467602609,7.223380940792607
23.506242664380565,29.02785425683649,52.18467504180827,10.436935008361655,165483.8865388692,0.5541013178218811,5,137.68772434364553,58.86542311544617,20.89978842066939,36.59839634595892,21.32411646157106
23.950522971258263,7.491028824670686,38.299010217210345,3.8299010217210343,172368.50540168607,0.38034837181404035,10,32.73263958183483,14.224739562555817,1.5941171656582025,11.086028297796158,5.827754555824662
18.295000177693467,11.975623590460884,29.556068053246435,5.911213610649287,196438.88586011494,0.3872764283702806,5,44.381803961845065,21.212783157470504,2.1978365201740475,13.191512350998362,7.779671933202151
18.604748281679633,7.241848489586512,47.50419065787855,2.3752095328939276,194753.56313964853,0.6115386655452307,20,21.90036173981511,10.158494186469355,1.062290534924354,6.640473199600131,4.039103818821272
21.877164323074464,3.083948679846921,33.6010465985422,1.68005232992711,138161.60190726686,0.3542298337337359,20,11.01653540706944,4.467024393025063,1.2642523888346808,3.1770582164432626,2.1082004087664346
18.768954900348174,2.538694347395809,28.23180218457984,1.411590109228992,175068.00798425212,0.3406232651536907,20,7.79690698257842,3.5951847068863465,0.384331229806353,2.410992434339101,1.4063986115466212
15.442529763333454,33.110744716167254,45.12174328193644,9.024348656387287,127647.93485407144,0.6612431223936823,5,104.11931740535351,50.63722940401866,5.133672786534259,32.87613812435827,15.472277090442322
17.662609814939827,7.852159299109247,48.18181967546461,2.4090909837732304,165764.37825913687,0.6364063574304871,20,22.615238542968598,10.600021891864383,1.0723810424694715,7.252420954193677,3.690414654441065
18.42704483591318,39.39493593377162,53.76425890335985,10.752851780671971,187420.41862361875,0.6607515668646388,5,147.8131436740349,62.62572958592851,12.028146593581305,48.05471490239073,25.10455259213436
15.635645937005346,8.973786925524955,33.890375372965266,3.3890375372965265,179743.64174251445,0.5428255104035243,10,25.45520078958691,10.747830214410195,3.8789045678084504,6.42051749889368,4.407948508474585
19.4074401768748,19.796824075070685,39.16403465257134,7.832806930514268,130900.73189325214,0.5094517203716387,5,77.44135687548737,35.82000797157353,8.331592686602084,20.708797276435938,12.580958940875819
17.719538975680734,12.826928089777791,43.119219215836665,4.311921921583666,162227.27737091997,0.5927961163782987,10,41.36054564673381,19.84388203933337,2.045311614414879,11.55967290257364,7.9116790904119165
24.1194695125797,22.181207017742672,66.11951340137362,6.611951340137362,159513.82083293088,0.6385489481283326,10,97.81994117322063,44.948017822987325,4.696766403270608,31.115544787057598,17.059612159905104
18.325792783895736,15.411771861826812,33.57607192491756,6.715214384983511,141344.86679214647,0.45970478090163336,5,56.962416391065744,27.121607978420087,3.877742209768182,15.221976000447725,10.741090202429763
23.165305311065403,19.61306776847219,42.586024493271864,8.517204898654374,149038.67167490558,0.4615201966104912,5,91.62880651496431,38.79743917970051,12.763063775410473,24.843945662231448,15.224357897621879
24.299804682446442,63.26586648407978,78.19663517522316,15.639327035044634,171549.83768185426,0.6924250627367936,5,314.4054480834834,132.2389228811212,28.727964851247094,105.14440567096692,48.29415468014812
23.388263608816985,9.605831234401206,61.33520101325528,3.066760050662764,196353.4523769581,0.6217841530505575,20,36.56336892516168,16.308538888322182,4.450591262322813,9.92925791920534,5.874980855311348
18.400655064711003,11.072140239806837,28.49169828594889,5.698339657189778,179890.58349267993,0.360733332922732,5,41.37925913728358,19.321631663138092,1.984952107952921,12.216035372316743,7.856639993875828
19.109129844105777,15.584158964627713,34.47610150459628,6.895220300919256,114561.21912751778,0.45131928797395066,5,60.079402175210845,26.86900932484511,7.1170976930884695,16.061188101381774,10.032107055895493
15.250252076039196,8.282318895213853,22.421746516994887,4.484349303398977,159153.45441366313,0.32678139066300527,5,25.760507551679282,10.69516371723567,4.114689513587849,7.035328362050107,3.9153259588056555
20.218724728853132,26.70142655193471,46.41398256957015,9.28279651391403,174927.74881872782,0.5687811646992258,5,109.01723772758555,49.97500580465264,5.36228954469459,33.24516932649946,20.434773051738855
23.134305243895604,5.805078677280018,33.0975829123766,3.30975829123766,131766.7378840226,0.30746854531708984,10,24.751462620861304,11.348979803610717,2.309262054516272,6.390566865415724,4.702653897318591
24.418280746958025,7.174629991181031,37.8359725251123,3.7835972525112296,184415.32639708545,0.36052862131336666,10,32.03604768809814,13.292936647154159,3.320254874276028,9.12687872561128,6.295977441056671
20.622279464693765,45.598746703180645,61.18574371679088,12.237148743358176,124084.56850217306,0.6663900344502054,5,191.61105091741172,83.79580231655326,9.21407789049432,64.06975775631939,34.53141295404475
21.30699131411678,21.143230254271025,60.66176541589627,6.066176541589627,144376.84654605552,0.651974171987343,10,82.51364504280099,33.74562565961294,6.08962008534866,27.28075625202034,15.397643045819049
16.117238628437796,8.251167511846273,32.99650155277972,3.299650155277972,158090.05583016152,0.5159746443705275,10,24.109124279380268,10.025789998852778,1.1920204082385286,8.338574083078528,4.552739789210435
20.435259014744233,5.753170875423504,30.988640451832676,3.0988640451832676,193244.1200195151,0.34659683701359334,10,21.537953290066085,9.615825984923784,1.062261492215851,7.27173306137879,3.588132751547661
23.986733849599208,9.98521685247032,63.327757098265586,3.166387854913279,117649.52148840441,0.6243119319783933,20,38.99249811589195,15.767675703123476,5.38388270299039,11.268124468775701,6.57281524100238
16.370073139561313,14.850232620886404,44.57176810167373,4.457176810167374,104575.05075299421,0.636082145761637,10,44.43514297247168,19.204764839338697,5.659158742772761,12.258954777163138,7.312264613197084
22.91455055953807,4.33170948813104,40.79246235868869,2.0396231179344344,185105.90111158212,0.44280889124268064,20,16.05792681075782,6.616115555829634,1.5356335954530778,4.947967517630561,2.958210141844548
21.564062094506596,7.974017973347384,53.67175018603392,2.683587509301696,139830.80267949242,0.6014850023254972,20,27.919380318373044,12.386842884974781,2.8851471133533115,7.819982349856542,4.827407970188409
17.642927723553036,12.53698466453648,29.704437754116466,5.940887550823293,170075.1346873287,0.4120547914858475,5,44.718389850074004,20.878443096348306,2.2321975188223036,12.862762237774803,8.744986997128592
19.95038519312024,10.603681974278624,29.013627932787184,5.802725586557437,119978.0472867797,0.31939803233531655,5,43.189418687762526,19.027849720354066,4.714208855686621,12.76835309333926,6.679007018382579
17.29635970720964,20.730598092157884,54.090855441389245,5.409085544138924,131461.5217300254,0.6831771574973843,10,65.98181730942974,27.59220180482498,3.5845030169356793,21.704022922650466,13.101089565018617
18.51804057431803,2.9269426882653513,30.130703322169783,1.5065351661084891,109646.1272689372,0.3904034885260216,20,8.808279325570602,3.5540891135578994,1.3497402528213986,2.4145641969224045,1.4898857622688997
22.572848897302705,8.03352909321187,38.519031467310796,3.85190314673108,179955.751253638,0.4193089064709173,10,32.96805981518881,15.069761121943849,1.5131832077641267,10.38438617599829,6.000729309482541
15.718978607088141,10.026650207468363,25.065750215006833,5.0131500430013665,127444.4524141342,0.37924652496673006,5,31.950333343728047,15.423468253627306,1.5510841524130372,9.198798967514948,5.776981970172757
19.294036974769824,10.60829087875189,58.49919113571966,2.924959556785983,191927.46657155713,0.6728875036996442,20,33.56898827707934,15.631720173971473,2.4257419529265407,9.657640276132824,5.853885874048504
22.269815694120055,11.940322861976615,46.65744006618414,4.6657440066184135,106431.79880911145,0.5270227665179282,10,48.21711811155086,21.375251983343222,2.3562963322242525,15.39550489746028,9.09006489852311
24.573132907334497,6.3489242015481,35.68020584833692,3.568020584833692,108561.02889952969,0.3176309260429034,10,28.705249285264415,11.799648054562699,2.446815422858207,8.904077272749857,5.554708535093652
23.83024263087666,3.863979539701947,39.27552770836939,1.9637763854184693,172265.69570445025,0.398180626253134,20,14.951216113295956,7.243306830367766,0.7257854295390831,4.5225566586321975,2.4595671947569095
20.632852448021822,23.45230283961062,62.846193689705174,6.284619368970517,116376.48289666005,0.6747095166099724,10,88.9234979276153,37.93006306510514,6.871503031388837,29.99802904689857,14.123902784222757
20.871929710165404,6.783394603964855,48.71338045176992,2.4356690225884963,178096.0608186114,0.5750060304124667,20,22.932863618325726,10.361009350084016,1.0971281064954843,7.493618221804626,3.9811079399416025
22.970462670797886,9.175313736389619,41.53513957957598,4.153513957957598,192994.06306521402,0.4519808150004177,10,38.2444196851109,18.150626660470245,2.7478564516295094,9.757783445702374,7.58815312730877
17.525839044160648,10.297299012344396,38.434492453632046,3.8434492453632045,124042.21131537105,0.5481447415577722,10,32.74778406311242,13.506727321266546,4.834627194800963,8.962953139765814,5.443476407279097
24.664369887929624,8.909649307311792,60.67744866886674,3.033872433443337,117188.66642959506,0.5968150920745574,20,35.66324723912612,16.29600455791466,1.6840137849595145,11.2464469541473,6.436781942104644
15.868904727463669,15.53218739039194,31.36875266367115,6.27375053273423,138459.7703634624,0.4992156073870482,5,49.679073172327065,22.588569137678682,3.2156285837213154,14.22838970779337,9.646485743133697
24.013751169089574,37.90596037998618,60.24896545469444,12.049793090938888,103309.88797009474,0.6054591133572175,5,184.27673271816354,79.39412309442747,23.025843694395803,46.27414135599917,35.5826245733411
18.050390982669096,6.9440629532620335,32.02922013871196,3.2029220138711962,191380.02790984092,0.44155558538981093,10,22.755957045240336,10.58320874309534,1.1241487970113246,6.815108475007574,4.233491030126097
16.652730258284492,5.154800060697549,37.933572737090515,1.8966786368545256,175620.66919779632,0.5645555005001913,20,13.89369791617797,6.598274688812219,0.6627355663840456,4.2732077946119125,2.3594798663697945
23.588199344340218,22.48058158102839,65.82109690392896,6.582109690392896,144481.39532287585,0.6449105015993695,10,97.03475994636,42.659416527967316,7.805973705117719,30.09031125896469,16.479058454310273
20.860373527892314,25.21401502132755,65.51066373949938,6.551066373949938,108600.0138493901,0.6845032909648158,10,96.80906512380454,44.80219721206747,7.844538194311371,27.838843449141372,16.323486268284352
18.064883642286738,21.57116944687348,56.38968821023175,5.638968821023175,120526.35152565285,0.6825893544195822,10,71.7009724411052,32.640662356124956,9.06767458422788,18.707147219451876,11.28548828130048
21.683634781104303,7.426728608815444,51.948125243875644,2.597406262193782,145728.96460297372,0.5859742082821986,20,26.108084954263433,10.629544191882689,4.0397649288715565,6.547959929087364,4.890815904421824
24.959395925437835,7.379186818815044,55.56770949973691,2.7783854749868455,130649.65005883481,0.5544618577590292,20,29.791528466219205,12.652893473156226,3.4203586294717683,9.005959954073354,4.7123164095178565
24.233639084106585,55.37868556077944,73.08801348601,14.617602697201999,172272.94100780197,0.6718126358889855,5,273.6555357659179,130.66711857585005,23.58860359887059,73.26181377116544,46.137999820031794
21.399484439232772,11.181192219815498,44.25951594513556,4.425951594513556,186965.85449265328,0.5208828695644951,10,43.381273750241405,20.3501185734126,4.038320293450001,10.96637488131735,8.026460002061453
17.951978951434263,17.165607306990413,35.07456254620219,7.014912509240437,101142.96506139505,0.4933348037319094,5,62.111633502188226,29.79744261638494,4.411059053505685,16.143140631086258,11.759991201211342
23.110493264923605,38.28635967900061,59.39467998163687,11.878935996327375,148027.5699609602,0.614841353273964,5,179.27105547577514,81.77076082334055,8.832302236038908,54.76774260992311,33.900249806472566
15.490006905895173,5.673428470467446,38.370616703470525,1.9185308351735262,185062.56621107255,0.5995821878928701,20,14.266234877410469,5.969570441105281,1.3123371814078437,4.404809664105901,2.5795175907914425
24.448142769629765,17.142221478662623,58.55516634232927,5.855516634232927,154263.6357971263,0.5862736985180046,10,76.22472756117259,35.269042294667685,5.186661638023422,23.393234580979687,12.375789047501792
22.74913104992626,12.26255911933775,47.788787574230746,4.778878757423074,109540.02064092807,0.5282811880967947,10,50.585742631787724,22.36909493771826,3.9433487235452445,14.346496218413105,9.926802752111126
24.635471372259087,7.261217704740992,54.76309332808203,2.7381546664041014,127790.48041752589,0.5537827505940975,20,28.9337013498764,13.346851182965338,3.4580034219597415,7.74660980583316,4.382236939118162
22.103282936439367,9.879001374730807,42.281294373271905,4.2281294373271905,116132.71903757121,0.4819713771800953,10,39.58757712722104,17.644898316959836,1.953313932617574,13.034601648842969,6.954763228800659
21.459105040140752,3.43413367084473,35.13474442780508,1.7567372213902541,179478.88034335437,0.39419477208782144,20,11.970921864182202,5.051179010808769,1.6515767750061738,3.245045731154701,2.023120347212558
23.14065297989499,12.990925839968124,34.59747450025667,6.919494900051335,173788.85899781308,0.3379568396446198,5,61.22145839107108,26.007243088534892,8.563017432988177,15.486450425069147,11.164747444478865
22.09066288389806,4.142542523963706,39.167580992990786,1.9583790496495392,149545.2757516778,0.44055902530367286,20,14.80654033696976,6.89225378422322,1.2317516690861496,4.402613342066538,2.2799215415938527
17.961020482075497,4.939137048796241,38.56782996372847,1.9283914981864236,113685.4917418357,0.5380638989782471,20,14.338066291653632,6.678353133985589,1.4072539635517893,4.077598277470282,2.1748609166459714
22.075843843884787,16.853215522689077,38.53093717351147,7.706187434702294,184038.07278437028,0.4328460958490788,5,75.12233025240164,30.38054525673884,10.097757512912498,21.34164953130531,13.302377951444988
19.620731055869392,5.346110481577256,29.265782017344566,2.926578201734457,132667.10375514958,0.3357180389620981,10,19.245996245318864,9.119307132652441,1.2238277895124816,5.284206890222126,3.6186544329318147
22.334488154660722,25.792390234043186,68.5678913135566,6.85678913135566,180908.61345799244,0.6772660445239848,10,105.90426224385334,43.64838632647337,6.511684912817778,36.40762639277649,19.336564611785697
20.411744624591755,14.044245372530437,33.81349062729865,6.76269812545973,137692.2815729003,0.40244960714474637,5,57.99712030871305,28.228347386021664,5.532574205977822,15.191927049364251,9.044271667349314
20.777373282473356,7.5345291589535055,51.2132225123672,2.5606611256183602,194845.99807846485,0.597589025715408,20,25.408016838195266,10.174680091288261,2.026103902736881,8.251372097931045,4.95586074623908
19.923271148548928,27.656376190224485,46.886585329945035,9.377317065989008,194233.95427535407,0.5793682111322347,5,111.3351050436716,48.67726554355751,15.42337477476072,29.830881163569398,17.40358356178397
23.196109029179176,4.55241722121983,42.07717955020397,2.103858977510199,142244.0964064968,0.4531814283150572,20,17.0739142647229,7.699099051097291,1.9948667866442156,4.500657123069418,2.879291303911976
17.642460314953983,29.389864848405907,45.46675427353727,9.093350854707454,108230.69774716663,0.6159013753024718,5,105.06437541581829,43.88016071835184,11.568420809943095,33.54229824025227,16.073495647271084
17.982858154696867,10.02692379690271,26.793753730529488,5.358750746105898,120006.71057226721,0.3356775246380045,5,36.7317005732034,16.624814152495347,1.789422804571789,11.334427996753591,6.983035619382674
23.521746911934436,23.63091800704216,67.37971891052274,6.737971891052274,118657.38175573642,0.6541055456168723,10,101.83782061221422,49.63486016109205,7.908932286566227,26.33797943066148,17.95604873389446
21.526894136495685,6.22474390109361,47.39841696637244,2.369920848318622,181736.72015099312,0.5495031078846329,20,21.668906439734172,9.34071974814178,2.067544600751999,6.1328069892047985,4.127835101635595
16.113119452050405,7.68173977029936,45.50967075055277,2.2754835375276388,134557.5422494838,0.648832730943709,20,20.220283927213885,8.69971106774849,1.3959708445825902,6.3652853320945475,3.7593166827882567
22.039769027150093,3.3110814747237614,34.955252783148644,1.7477626391574321,125254.07384410122,0.37461927131400413,20,11.881986076296158,5.373412876031176,0.8818652836093641,3.816519016939764,1.8101888997158546
18.285809463646693,8.074878624036304,49.71569201900314,2.485784600950157,185820.38862475325,0.6351906916190829,20,24.073190314782792,11.154135585883537,1.1658563034971234,7.283182552331759,4.470015873070371
23.60585586204929,10.915112831669028,45.929585936490966,4.592958593649096,131336.18261405593,0.4907009143154891,10,46.70789379263286,19.36328671788234,3.911722905671984,15.081702923369996,8.351181245708533
19.74121676568568,6.8602907667916835,47.637826392840395,2.38189131964202,135825.0652398091,0.5889579876172641,20,21.962361931146603,9.493606484915679,1.9345874131079794,6.1586922081307405,4.375475824992204
21.3004654645634,7.432534420362467,51.50548393425049,2.5752741967125248,193354.21066390927,0.5897962936871992,20,25.675698970042674,11.501741360037139,2.3502661154678517,7.902374924060795,3.9213165704768853
19.780700335497023,2.5786299656068383,29.20379270734326,1.460189635367163,144688.53117956128,0.3282201122537983,20,8.364031201128093,3.557337646362031,0.8112969164068109,2.6035028861256455,1.3918937522336052
16.875693305503063,10.848113363794191,27.01538017659197,5.403076035318394,166403.8626922153,0.381660350549934,5,37.10328085356028,15.302431191286042,5.577614772916512,9.302820902809433,6.920413986548294
22.350093089923135,16.15568907633763,54.34842152023308,5.434842152023308,150391.31199705467,0.5925044414911074,10,65.70606261390691,29.13487123942947,5.301993416511188,19.03935341003383,12.22984454793242
22.489495960975606,3.7864803219337078,37.77419910635748,1.888709955317874,111123.30388041765,0.40946156409660395,20,13.811528000104829,6.513223846287415,0.6704727616977175,4.539981716003568,2.0878496761161283
21.17975043606671,14.118864751651419,49.46593026362365,4.946593026362365,167967.44877424045,0.5757223046744941,10,54.34620619598823,26.413717552975715,4.885860386723375,13.847517723439193,9.19911053284996
15.694508566288214,9.330449979912418,24.153889395783526,4.830777879156705,158368.2405536801,0.3568299252871957,5,29.754752548310364,12.539655883738773,3.9004988550918256,8.032967079471462,5.2816307300083025
23.763129355013128,20.571196974201214,44.1739368968835,8.8347873793767,163257.18560329304,0.4674789780837465,5,98.56867449142914,46.798769194131495,4.855758108699786,30.46926506820255,16.44488212039529
15.22293281600354,5.975399390787271,39.03193034060341,1.9515965170301706,114553.29972290064,0.6131580576341309,20,14.788524169057268,6.2780073573623785,1.891802237899177,3.733917357035413,2.8847972167603
21.981178136179782,14.196571652506698,50.534073879107204,5.05340738791072,188869.36051845603,0.5689735212991702,10,56.68810813488341,26.151206358151793,2.8325069467611694,17.32312036543763,10.381274464532817
19.065965831181195,4.949981573804109,39.78173066141763,1.9890865330708816,101667.07420373257,0.524606996558866,20,15.246874830246881,7.023555675181858,1.2614853144033151,4.620429815909485,2.341404024752225
19.194781983587802,6.151325570330202,31.072288752956485,3.1072288752956485,139376.35503747212,0.38788472361581466,10,21.524640397846497,10.282566167696942,1.0626020009356278,6.524686329305591,3.6547858999083402
20.67749897713429,9.45132018915231,57.19081521133991,2.8595407605669956,163053.1615640145,0.6413971146802113,20,31.890196316884158,15.629165697464497,2.2155849272479715,8.881474793046134,5.163970899125554
21.841143362488506,33.18756107798517,53.768090203536566,10.753618040707313,174433.09618811193,0.5978990905645716,5,146.65277452848875,63.25504765167286,16.67919583736634,39.05147955278186,27.667051486667678
23.42014248085107,2.8181041527309967,33.20262686830045,1.6601313434150224,125132.55100644405,0.30044358579821884,20,10.879679235058681,4.68165163006229,1.3929605437529835,2.87722526669512,1.927841794548288
23.72528845515174,12.11751259129415,33.814054579634565,6.762810915926913,103826.50587929916,0.30553702287664175,5,58.813424164485895,25.731958226931482,8.617146574226306,14.906803398406012,9.557515964922109
19.415492028594834,8.978281519075937,54.0118469289515,2.700592346447575,139032.13520451018,0.6434664944749058,20,28.4537728302748,12.794669061647388,2.0762306548691427,8.858790209081512,4.724082904676758
20.681067886400644,3.7801897418377806,36.20031588153663,1.8100157940768316,184585.0788233003,0.4333287227881959,20,12.655217178270803,5.307282027314403,1.1326474934043895,4.283708345060662,1.9315793124913465
23.361668746065703,10.406922706237204,44.61447289952866,4.461447289952866,164426.4942472363,0.4811124074949843,10,44.077961718745485,21.65511774334852,4.148049702507468,11.321228902140325,6.953565370749173
17.96160665213228,22.99225172817705,58.03903971927376,5.803903971927376,147025.55361664787,0.693377727433949,10,76.12476843478106,32.77959463606491,4.287090864636385,26.40783537282986,12.650247561249907
15.90129975434024,13.809600390158046,29.606874862869294,5.921374972573859,170545.03734896332,0.46833339345480207,5,44.27718746243667,19.106140480886417,4.198245671028913,13.434968709597749,7.5378326009235925
19.63095807230323,5.006923166485842,28.318303715318763,2.8318303715318764,149145.81335344966,0.3131570361355224,10,18.098066221223633,7.464987672015578,2.4491312489092194,4.928235462261313,3.2557118380375223
21.423246600926745,21.39057915607691,42.77214319842047,8.554428639684094,132572.9058359286,0.5041785310549569,5,92.36440544004188,44.89278130925076,6.194330288882526,26.44474663345246,14.832547208456134
15.555961738985989,28.51326339047727,42.04269629392333,8.408539258784666,166046.36960679598,0.6337513305328344,5,90.03357202327948,42.01661762464519,4.482389117646515,28.972490793779787,14.562074487207976
18.152895184702466,2.49946679116648,27.55181116278165,1.3775905581390826,128521.09109907756,0.34652155693134434,20,7.4174437602107375,3.262629362888454,0.5146472208428602,2.4670643728066914,1.1731028036727311
24.869372177319505,13.031763512850501,51.51032824218441,5.151032824218441,140320.8080565717,0.5215731991956585,10,58.76038536613373,25.19938269243842,7.692296576826484,16.692121289268687,9.176584807600142
22.45056334285808,3.7703743058916297,37.66087783018403,1.8830438915092014,160560.05243667914,0.40871036491782275,20,13.729941233702263,6.445166921717644,0.8666335982441324,3.835053799768672,2.583086913971818
24.214928368194727,10.534724709357636,45.69934321245175,4.569934321245175,197341.06497613672,0.4749291199533888,10,46.254607210800174,22.455540836441365,2.2663771043583107,14.572303073467317,6.960386196533183
16.43829221742947,22.58861023663021,38.49027368462709,7.698054736925418,154965.40358938355,0.5772376219956818,5,75.01794219184671,31.968438725693577,10.20874041403944,20.917536304780214,11.923226747333487
21.089033794918382,23.567489073762673,44.54215092831153,8.908430185662306,131549.26638800744,0.53131088871915,5,100.21493167385398,41.18887017337513,7.462848879296935,34.04140013222652,17.521812488955398
24.376246130774568,6.517797018979326,51.61522703371715,2.580761351685857,155677.64901458906,0.5315471158497271,20,25.672841277960543,12.37052559926509,1.5255147382467342,7.265235060502123,4.5115658799465965
24.814947573294994,10.937007647603412,67.4025593059894,3.37012796529947,158202.18073848585,0.6348407064194221,20,44.24602133413421,19.809414912802822,2.2014160115951613,14.967210707007625,7.267979702728601
21.548439151673534,6.915602105665677,34.907791373596496,3.4907791373596497,110350.97878685832,0.3883303901552587,10,27.165041312868397,12.99229680999234,1.8685150777504518,8.090546704163469,4.213682720962137
19.66480652444237,7.73392745836456,50.46966730572682,2.5234833652863413,149400.61406100352,0.6135312920007279,20,24.726821245273825,12.336374219461714,1.3926109258253305,6.632323278258122,4.365512821728659
21.88853276540655,14.615314753691102,35.71682491851174,7.143364983702348,161022.82852566266,0.3933684766858157,5,64.76947941097322,30.914573174689668,7.737239031616715,16.305071227958233,9.812595976708613
23.13101173601982,14.51513130090754,36.5822882964631,7.316457659292619,162265.91086401237,0.37411133476444935,5,68.09690907005273,32.294193543689715,3.3558390545024643,20.696933498495763,11.749942973364792
16.245863475112692,2.831708221974086,27.76649384827005,1.3883246924135024,196354.07599646813,0.4196517693959548,20,7.4546361442441835,3.714695333553363,0.5749799887254656,1.9767691086815427,1.1881917132838122
23.639643327902867,43.256424282121706,63.836084306280156,12.767216861256031,177538.46064809803,0.6334404189786272,5,207.5573097580924,92.47634944227198,17.054070631426754,62.92160344236513,35.105286242028534
20.001336040939297,15.978136932720913,35.71377760727693,7.142755521455387,139765.57216542246,0.4456052387000098,5,64.48930390308703,31.857042113007815,3.529605818837595,18.395382094979794,10.70727387626183
17.47712982934805,4.3229318467849,35.594772946779415,1.7797386473389707,128066.40942192666,0.5129625728377728,20,12.203048073044052,5.330630650562891,0.7475255504950575,3.8201859474976136,2.3047059244884895
19.89616251833148,9.166437941157408,38.64142275224507,3.864142275224507,155238.19732989132,0.4897748588010459,10,33.06098375969529,14.34241782816641,1.7937252143718432,10.730756892524406,6.19408382463263
20.270599844280287,3.7279411142703878,35.59113817920589,1.7795569089602945,169751.3381848963,0.4350685611129017,20,12.231146725849044,5.8491927763023925,0.6026930081654722,3.6806763418721355,2.098584599509043
16.0693699595555,37.68211813138399,49.09088638732912,9.818177277465825,168372.30829395272,0.6760001548271861,5,123.5448718541524,56.13359369243869,5.798275536588402,39.446596402208016,22.16640622291729
15.13024832792212,3.745073163518601,30.82584998106981,1.5412924990534904,126402.30955458629,0.5131340095273155,20,9.152235617502242,4.204781344251735,0.8210268839272012,2.634514014172811,1.4919133751504947
20.05275641531845,2.542200567422557,29.190564545257836,1.4595282272628918,159125.3786265755,0.31868179763772947,20,8.373675813865695,3.4353847959243136,0.6294575707367555,2.9110648900971,1.397768557107525
24.293635528704364,5.962406054522791,49.28559419738297,2.4642797098691487,136616.724032783,0.5110650871969012,20,23.395029793261386,9.371156085324094,3.8993782959460215,6.3703788515406305,3.754116560450641
23.518547610976675,5.921459301893344,48.32576935605647,2.4162884678028234,122456.83358836963,0.5172637259889646,20,22.49512332530098,10.178186016027055,1.1206023319685672,6.806234656008136,4.390100321297225
24.04200310748446,9.82633674683709,43.975795944660604,4.397579594466061,110118.15335788259,0.4582490972777442,10,42.857755706003246,20.134170041912956,2.0198891280159392,13.41245096422689,7.291245571847465
19.894009629385728,8.429500177855921,37.051874030202015,3.7051874030202017,140028.332703011,0.46794548569454963,10,30.41242079417856,14.462547301866238,1.5038850680590703,9.229632360876101,5.216356063377146
21.972440182592713,10.607540440243666,43.683442705218965,4.368344270521897,173684.90067054395,0.5015664591931716,10,42.24923114967228,20.5460170760498,2.0750153196530277,11.405888069135521,8.22231068483393
23.5829238537059,17.525380811508413,40.608623783237306,8.121724756647462,177962.17462642732,0.42512868021003797,5,83.48765607130008,38.43641703172845,4.099984983441398,26.72186034806857,14.229393708061655
22.024658835081397,14.938317037786005,36.223251702682255,7.244650340536451,147685.7193578895,0.3981272753562987,5,66.58654354434594,31.13223281669199,3.1838575685211863,19.81816803493665,12.452285124196125
17.81405772919268,14.725533232973673,46.310604272620836,4.631060427262083,124235.5366046048,0.6188438795366475,10,47.854292295809614,19.940896187724025,4.488634363968204,14.51021261668392,8.914549127433466
15.653494890264671,14.634352763129625,30.24102803702049,6.048205607404098,182523.46405636822,0.48759238080400535,5,46.17481085280838,20.133702439725713,4.793753478237278,13.782038312620264,7.465316622225123
23.398951934174512,15.75844202787763,54.927966305237796,5.492796630523779,131268.39066342378,0.5778781478197771,10,67.02287932485035,31.557672463953377,8.18322529415781,16.909485258640572,10.372496308098588
22.26121089278684,3.7851735225080576,37.57648358872223,1.8788241794361116,180653.98004272132,0.41237899138579226,20,13.662940105669136,5.556604055657978,1.3488158760655686,4.559834663531137,2.197685510414453
17.18753881891212,5.114057066956361,26.801643666931678,2.680164366693168,133942.11109999206,0.36457369679751667,10,16.065244035526433,6.609341020669101,2.723334257667501,4.312526662056431,2.4200420951334003
20.008279423592793,4.11281142800798,37.14619817841755,1.8573099089208776,147333.23456531164,0.4657162389617875,20,13.298278312615778,5.6318053676591715,1.8546519782829425,3.7515149156413146,2.060306051032348
16.85185265221883,9.837969200160755,36.83830336001347,3.683830336001347,132933.52901035373,0.5466955817835399,10,30.08194791373822,14.708321570629218,1.7656283342547097,8.094498744271048,5.513499264583243
22.899027200780694,11.916804151722664,32.94790668917243,6.589581337834486,122889.8501726354,0.3120950351166732,5,55.77031137699092,24.952958318235822,5.782553072155946,15.526323138123955,9.508476848475187
21.351649393431252,7.3204612422459405,35.75796110364864,3.575796110364864,134186.9860894238,0.4083165368978934,10,28.44074361363262,12.709369165170774,2.971309888425277,8.319033373621178,4.441031186415391
20.772754965186806,7.473446829719888,51.00032456592335,2.5500162282961676,163648.5329701951,0.5959984780612942,20,25.19242444764717,10.381978883821304,2.6156890433337967,8.391631332588233,3.803125187903836
17.090787049816708,15.442224722270868,46.441706190855825,4.644170619085583,186569.44605255232,0.6353578616291414,10,48.23656691196871,20.002268122630763,8.048411207773054,12.36587317965107,7.820014401913823
18.5119013702214,33.691859069226375,49.85562405708637,9.971124811417273,189023.8197041976,0.6324577886669671,5,126.58372204461227,52.658230963067474,17.61452985133705,34.01896734184543,22.291993888362338
22.28907822883407,8.373738517506679,39.082653802926316,3.9082653802926317,108229.83721402485,0.4348727049240768,10,33.897530056568314,14.625050890727008,3.199925570045828,9.89210931667791,6.180444279117566
23.069797001660305,6.698900095114006,35.53430009624868,3.5534300096248677,130220.367023358,0.35671266483447434,10,28.273616995657136,11.910716264269638,2.1560643754020115,8.721042502875058,5.485793853110429
15.003698486212713,7.985780479642553,21.83532780199205,4.3670655603984105,151225.26520823853,0.319884188535336,5,24.4599344495506,9.904393061370236,2.7948977330497637,6.881352619988952,4.87929103514165
22.628359303807255,6.90828442029051,35.746223086068156,3.5746223086068154,125697.74842116714,0.37275142412872786,10,28.543895543332283,11.625180778933816,4.046045378647868,7.516144444078769,5.356524941671829
18.8163331510801,11.253216501145697,29.0455556184093,5.80911112368186,175585.48462388327,0.35875875681465186,5,43.01541047036781,18.486070263438087,2.146254609280564,14.55045969423764,7.832625903411518
16.118700862838388,4.925217529341086,36.480483693316124,1.8240241846658063,164523.44196902204,0.5617305364307432,20,12.846823514941718,5.331225004339,2.0265451787144504,3.3925065205625717,2.096546811325696
20.803962147375046,13.990229866674124,34.068720341946076,6.813744068389215,133692.21901798528,0.3955335477336027,5,58.91667143181826,26.274021120266497,3.8368840853700146,19.518433963685045,9.287332262496703
16.407626096433003,11.602333084386611,27.556840986950846,5.511368197390169,141092.80172203528,0.41060912435145264,5,38.49084605887097,16.35590034615387,3.0177815134149206,11.641967587536982,7.475196611765199
18.420862268137014,8.00447088116539,34.74383209539348,3.474383209539348,128127.18048724694,0.47461591539022285,10,26.73586876397158,12.782393179524659,1.76716851610794,6.862774025331118,5.323533043007861
17.297703819407246,10.669354696382277,38.86495792388595,3.886495792388595,113017.70597465622,0.558968258724535,10,33.50684203967978,13.636553298681374,3.6623308450586114,9.803302952825288,6.404654943114509
16.139745620120394,41.90308210086841,51.865296555721805,10.373059311144361,117550.2283199742,0.6919960147445103,5,138.30328844444261,63.74347982071997,11.230026604515192,41.41597272139273,21.913809297814726
15.488531725590143,3.347443861000985,29.486130882023705,1.4743065441011853,151616.88619378654,0.4789607887162753,20,8.375394721154109,3.989128595450292,0.5810264928384652,2.4488072369327565,1.3564323959325946
19.348221840793524,15.538292637949022,49.58080361978121,4.958080361978121,189505.57873507816,0.6133212665805287,10,54.81272422787555,24.054209124968658,2.6792485518358986,17.909706453656092,10.169560097414896
22.34206503691886,3.0448665217349595,33.734663350786356,1.6867331675393178,162042.16305618046,0.3431283527018038,20,11.12723028779498,5.42306660956308,1.20958893548451,2.8101706901731434,1.684404052574246
15.977773008639048,24.405043292456618,39.435986668660206,7.887197333732042,169121.9357825761,0.5989417326982698,5,78.89883308673166,33.31104882430953,8.361627278863777,23.83162310586683,13.39453387769152
15.215929020130162,2.1733379104513433,23.52573882744448,1.1762869413722241,100499.29400045778,0.35849919283625753,20,5.396336013329197,2.5497378966516613,0.386165544577887,1.5429380862545619,0.917494485845087
20.742611219839663,30.048654631457023,49.863487506009506,9.972697501201901,188895.8479047465,0.588217173660178,5,126.01408344715429,58.114804627656035,6.200996080026929,38.98590458241525,22.71237815705607
18.567854289554113,5.065286110642993,27.712090805522593,2.7712090805522593,111383.95241170624,0.33611925928837755,10,17.25549675596838,8.45444279647686,0.8565907073277629,4.791744413186696,3.152718838977062
19.35712199863625,6.631762771834356,32.40573109624726,3.2405731096247257,139814.62251745627,0.40809822685431113,10,23.358700252183056,10.271723328979455,2.2070954846165725,6.68406489600885,4.195816542578179
