Vin,Iin,Vout,Iout,D,fs,P_mosfet_pred,P_diode_pred,P_inductor_pred,P_capacitor_pred
8.745401188473625,7.283455426177707,12.694359443176062,5.017719879873876,0.3110797573031718,100000.0,1.0787519,2.5339532,0.5259357,0.123638615
14.50714306409916,5.824867297097083,30.550394705321207,2.765993173687591,0.525140568427015,100000.0,0.7340986,1.4492189,0.34569475,0.03803275
12.31993941811405,3.78574854657695,44.59989134575612,1.0457467796158513,0.7237675015258451,50000.0,0.3291043,0.5633218,0.1419699,0.0048660166
10.986584841970366,8.324155177362538,30.462015349019605,3.0022319943701223,0.6393349318457369,50000.0,1.4431064,1.5186813,0.7049284,0.044069726
6.560186404424365,7.162580552984913,20.755925063848164,2.263828926908565,0.6839366887168699,100000.0,1.1085889,1.1773449,0.5164907,0.02418173
6.559945203362027,2.463552454104022,16.208201833208445,0.9970735354133587,0.5952700200264305,50000.0,0.1541268,0.56263745,0.057605937,0.0038434207
5.580836121681995,9.198344660444585,14.509469345941708,3.537996663885441,0.6153659387107115,50000.0,1.763874,1.7483224,0.8707989,0.057782024
13.661761457749352,8.402835186308522,47.03125430441675,2.4408774884268634,0.7095173909391916,100000.0,1.5789983,1.2895058,0.7548063,0.028150199
11.011150117432088,9.548199219627316,16.935041149620755,6.208231443288741,0.3498008053155116,50000.0,1.7527179,3.0851672,0.868415,0.17621414
12.080725777960454,7.531475575495239,23.85868381736635,3.813525164566616,0.4936549781858843,200000.0,1.2596511,1.9917958,0.5798919,0.072430335
5.2058449429580245,6.520736763422109,7.801656186392835,4.351120286924188,0.3327256650917614,200000.0,0.88443375,2.2090921,0.4078139,0.086589225
14.699098521619945,4.76418732661557,70.87345978996046,0.9880886173316932,0.7926008047979882,200000.0,0.5746675,0.57250947,0.20445189,0.0044230665
13.324426408004218,9.39455635018612,57.048191528632344,2.194233881385663,0.766435603811968,200000.0,1.931522,1.1948184,0.878832,0.022080949
7.123391106782762,8.794575005503674,9.17556122468276,6.827614774518038,0.2236560868211035,100000.0,1.5267023,3.3918657,0.7513863,0.21874017
6.818249672071007,1.4069680309557049,18.102113461417336,0.5299413980651858,0.6233451035094131,100000.0,0.10297307,0.34227702,0.019583985,0.0007860928
6.834045098534338,1.2373027704752682,27.911035004828214,0.3029548324706242,0.7551489904493995,100000.0,0.0954203,0.21544026,0.015196894,0.000325617
8.042422429595376,4.388170301902447,11.627798306146838,3.0350990214758276,0.3083452070764001,200000.0,0.4384009,1.6115576,0.18660595,0.045032967
10.24756431632238,8.294979977036496,22.31452749067722,3.8093273923367335,0.5407671383315777,200000.0,1.5189928,1.9849539,0.70249605,0.070944436
9.319450186421156,9.8854851638345,37.17267323677576,2.4783605409851837,0.7492929785528253,50000.0,1.8423096,1.2362107,0.8918488,0.028153356
7.912291401980419,2.3537520199317536,10.148746090573,1.8350613665464728,0.2203675871514793,50000.0,0.116777554,0.94997436,0.050674934,0.013542774
11.118528947223794,6.347176438169216,29.140589440547615,2.42175145787288,0.618452160348104,200000.0,0.92813396,1.2989384,0.40350124,0.027593972
6.394938606520419,4.428017709679194,10.28802342253857,2.752414165382645,0.3784094044235305,200000.0,0.45578656,1.4638554,0.18729746,0.037019294
7.921446485352181,9.72922958033143,32.284695087573375,2.3871859794632395,0.7546377172259184,200000.0,1.9711651,1.279589,0.8965814,0.026576227
8.663618432936918,8.579070308221379,39.85745784485237,1.8647900713860452,0.7826349470992207,200000.0,1.6424135,1.0371836,0.7348002,0.016041068
9.56069984217036,8.54495834240024,40.955686596477165,1.9947359857608984,0.7665598934680604,50000.0,1.508717,1.0181534,0.7302143,0.01831827
12.851759613930136,5.218238438154732,24.93204835137136,2.6898530385549373,0.4845285299944783,200000.0,0.6325282,1.4451396,0.26926228,0.035854593
6.996737821583597,4.733375521038987,24.743178975321182,1.338477467460567,0.717225590593588,50000.0,0.47152567,0.70933074,0.21495001,0.008256452
10.142344384136116,3.4606636473763563,34.58359840298418,1.0149100767467545,0.7067296391210423,200000.0,0.3549718,0.5882208,0.10589195,0.0042691953
10.924145688620424,1.507379469858344,17.95140958006135,0.917300274573296,0.3914602839459534,200000.0,0.12432612,0.5285103,0.021981077,0.0036887203
5.4645041271999775,8.782501386295479,18.05548061566292,2.658030328526323,0.6973492844904066,200000.0,1.6699401,1.3940543,0.7575428,0.032800075
11.075448519014383,8.316109082170698,14.239539403334582,6.468231549436259,0.2222045808292956,50000.0,1.3661017,3.1949146,0.67849684,0.19663557
6.705241236872915,9.997459059575176,15.16206235419684,4.4212570285108255,0.5577619270892319,50000.0,1.9905307,2.1806512,0.96984076,0.08532148
5.650515929852795,9.969731533665149,8.535590919541386,6.599909412054798,0.3380053023726218,100000.0,1.9615822,3.3012602,0.9620667,0.19817944
14.488855372533331,5.998885350423647,19.91157682191684,4.365148125437606,0.2723401314663673,200000.0,0.75638205,2.284906,0.3530266,0.09306642
14.656320330745594,7.920886736624595,19.44252375123935,5.970986832824315,0.2461719209775255,100000.0,1.2629384,2.9866447,0.6212642,0.16808794
13.08397348116461,9.502891568941852,34.230921861602205,3.632259212448751,0.6177732655268839,100000.0,1.87341,1.8637531,0.9019661,0.06331598
8.046137691733707,8.646826516096702,13.498531893280138,5.154157303557089,0.4039249782608397,50000.0,1.5059776,2.568791,0.74473476,0.124956846
5.976721140063839,3.226132915688779,16.36830303421309,1.177989969855167,0.6348600629172569,50000.0,0.2400989,0.6389071,0.09801538,0.005896594
11.842330265121568,5.054897217790842,15.565911073106967,3.8456960230709343,0.2392138044793654,100000.0,0.5376439,1.9853134,0.258267,0.075916395
9.401524937396012,2.162434736363455,15.39149947321792,1.3208709219519554,0.3891742026983662,200000.0,0.18260895,0.7591405,0.04540817,0.007936812
6.220382348447789,9.586459245328502,13.05965592546415,4.566080623723337,0.5236947754252024,50000.0,1.8753557,2.2618499,0.9228151,0.0939723
9.951769101112705,6.455571710057921,30.567583871882317,2.1017153119932086,0.6744338989033782,200000.0,0.9502088,1.1364832,0.40571988,0.020184698
5.343885211152184,3.0577852495311646,8.77847785513336,1.8614221785948384,0.3912515017592419,200000.0,0.26978195,1.03912,0.08896931,0.016745685
14.09320402078782,7.045306159652711,33.20226223368029,2.9904871059110643,0.5755348258622055,100000.0,1.0868917,1.5599993,0.51509833,0.045395814
7.587799816000169,6.5631541641210625,28.269084924737715,1.7616382027038886,0.7315866489417124,100000.0,0.9133825,0.9311558,0.41418752,0.014424817
11.62522284353982,4.223464462295564,27.00512563044857,1.818125796482046,0.5695179129093828,100000.0,0.40358523,0.9685412,0.1750367,0.015727876
8.11711076089411,2.022018329796661,12.294474127443708,1.334985667006339,0.3397756848521803,100000.0,0.116202705,0.7315207,0.039784107,0.007862997
10.200680211778108,7.044158760335196,12.988548312301392,5.532197220771849,0.2146404689339228,50000.0,0.9747059,2.7335768,0.4885004,0.14765435
10.467102793432796,5.68276930813414,37.65948531498152,1.5794727411195428,0.722059324340558,50000.0,0.6585785,0.81657326,0.30923095,0.011678459
6.848544555255271,7.950865525620754,8.699454904472317,6.259226285208239,0.2127616465102323,100000.0,1.2432873,3.104679,0.61636233,0.18416454
14.695846277645586,5.68147151000794,53.40468011899251,1.563421628139409,0.7248210036105198,50000.0,0.6866406,0.80487645,0.31654677,0.011071482
12.751328233611146,8.669633502866862,26.42008221945551,4.184292143449871,0.5173622804163273,100000.0,1.581256,2.132082,0.7655889,0.086484745
14.394989415641891,5.9671615489703695,60.851484144684584,1.411588041708543,0.7634406191077379,200000.0,0.8557703,0.8062095,0.3447047,0.009531473
13.948273504276488,6.0484417438184765,43.489137151513816,1.93991707454528,0.6792699414641994,200000.0,0.8672237,1.0812947,0.36457288,0.017881498
10.978999788110851,8.889882423925105,54.5568735294785,1.7889957934606937,0.7987604663200025,200000.0,1.758234,1.0075791,0.7891297,0.014919432
14.218742350231167,4.631345795911574,24.11702113764095,2.7305160214879827,0.4104270892710261,100000.0,0.46652544,1.4408615,0.21481925,0.039972834
5.884925020519195,2.2061370560557667,17.324550421329747,0.749396136934827,0.6603129733586762,200000.0,0.22676243,0.46814948,0.042895857,0.0016741293
6.959828624191452,1.2590440868200508,12.454030747620989,0.7036060254021024,0.4411585481655453,50000.0,0.059228078,0.41202438,0.017048147,0.0017470162
5.45227288910538,7.796235301062571,10.64741854588993,3.992254290170477,0.4879253721823454,200000.0,1.3312377,2.0395482,0.61104816,0.0751045
8.253303307632644,6.582785962181182,19.488470341190435,2.787788277065413,0.5765032779310222,200000.0,0.993873,1.4595081,0.4379682,0.036625344
8.88677289689482,7.336717912893012,32.22253402548837,2.0234208100730577,0.7242062685118034,200000.0,1.2110622,1.1001687,0.52290106,0.018670635
7.713490317738959,2.9166774535801965,36.80979870416696,0.6111895226314172,0.7904500815195772,50000.0,0.20880824,0.35604537,0.07789125,0.0013169677
13.287375091519294,2.2273432802809277,39.191640372139936,0.7551494487509686,0.6609640483187109,100000.0,0.15285821,0.4299057,0.04819106,0.001916137
8.567533266935893,1.1309019910109377,15.596050438250325,0.6212496213699876,0.4506600693004003,50000.0,0.055017624,0.38354355,0.014868077,0.0013240505
7.809345096873807,4.155288029259372,14.271834386734064,2.273714598843583,0.4528142013662422,100000.0,0.3909472,1.2042308,0.17572561,0.025552649
10.426960831582484,6.309259181691698,29.17035326275725,2.2552486002215533,0.6425493809533349,100000.0,0.860476,1.1787666,0.40050536,0.024887118
6.409242249747626,4.530196405897591,9.75927096078052,2.9751327041760436,0.3432662874609814,200000.0,0.46592143,1.5718868,0.1961473,0.04280497
13.021969807540398,4.937274298213562,17.747981659723123,3.622554838941906,0.2662844678788368,100000.0,0.51563656,1.8827095,0.24486837,0.06928153
5.745506436797708,9.137428250443737,9.78413683133172,5.365741887478902,0.412773294584466,50000.0,1.6964222,2.6652937,0.8417217,0.1337002
14.868869366005171,4.134299203209704,23.689497166729083,2.5949202019720254,0.372343394992449,50000.0,0.34815758,1.3498727,0.1631272,0.03603972
12.722447692966574,5.625905402438297,20.447024069399937,3.500523448554822,0.3777848722735941,100000.0,0.6762535,1.8120463,0.3229901,0.066513225
6.987156815341724,8.052877114670288,10.589242940700853,5.313572984392581,0.340164650629946,200000.0,1.3448179,2.6912901,0.64253825,0.13596556
5.055221171236024,4.568885040891431,6.525020663161766,3.5397166660413575,0.2252559137818171,200000.0,0.44248107,1.8282905,0.19670863,0.056533538
13.15461428454834,6.598780302050861,16.666692384613782,5.208256540577292,0.2107243608400483,50000.0,0.8618276,2.5841198,0.43110976,0.13391988
12.068573438476172,8.761273378720706,58.19922498624258,1.8167951757201497,0.792633433841619,200000.0,1.732343,1.0199337,0.7794763,0.015265367
12.290071680409874,9.54568561291878,22.619647826603018,5.186515781357661,0.4566638802415174,100000.0,1.8252149,2.6099153,0.88378906,0.12226121
12.712703466859455,2.323661328361341,22.326332806843286,1.323102082210837,0.430595988295809,100000.0,0.15196426,0.712127,0.052275047,0.0077928635
5.740446517340904,9.339288626453447,14.636094579139147,3.6629776188095313,0.6077883696158419,50000.0,1.8080628,1.8090935,0.8916043,0.061603762
8.584657285442727,5.429046637715844,12.83115943043512,3.632290988523332,0.3309523327190385,100000.0,0.62260634,1.8632147,0.29898268,0.06840371
6.158690595251297,3.324199494690625,26.774204495385565,0.7646433031546713,0.7699767103701354,50000.0,0.26699704,0.44131634,0.10420636,0.0025021974
13.631034258755935,5.132221806144352,41.533593397768215,1.6843592268336465,0.6718070086493313,100000.0,0.5837721,0.8988461,0.25639504,0.013352839
11.23298126827558,9.820293177569294,15.05048585449729,7.3294091884514065,0.2536466013873557,50000.0,1.8857876,3.628918,0.9313549,0.2510607
8.308980248526492,5.4335628459358265,15.12231694038029,2.9854794436594334,0.450548465470957,200000.0,0.67541593,1.5663941,0.29141882,0.044315476
5.635583502860237,3.958764492587574,20.678838520339255,1.078878189613591,0.7274709845372989,100000.0,0.37306198,0.5990207,0.14596932,0.005016322
8.109823217156622,6.700607688850532,34.782106093142346,1.5623189595989435,0.7668392133748463,100000.0,0.939962,0.82773876,0.42337918,0.011320978
8.251833220267471,3.1613105690037377,15.882376667971505,1.6424876527134704,0.4804409067499219,50000.0,0.21780534,0.8844791,0.095733024,0.012136089
12.29606178338064,1.6827699529779752,28.466192026706327,0.7268778096354258,0.5680468335264247,50000.0,0.0868183,0.406546,0.024926025,0.0014976223
11.375574713552131,2.159917497195843,16.255938566596946,1.51146627208271,0.3002203676552452,100000.0,0.123064816,0.8062518,0.045189787,0.009598471
13.872127425763264,2.152412550619952,67.57041825182809,0.4418877660891834,0.794701175682186,50000.0,0.12292273,0.23802705,0.03842549,0.00043443698
9.722149251619491,2.3671242416106493,14.70831116933146,1.56466197302456,0.339003020830066,100000.0,0.14834389,0.84054655,0.05411481,0.011225411
6.1959424593830175,2.249444553844691,26.43760763995884,0.5271819300369915,0.7656390644810755,200000.0,0.23240371,0.368315,0.04164414,0.0009720266
12.13244787222995,6.767872703228932,29.57604253066335,2.776262669107386,0.5897879893954212,50000.0,0.95802444,1.4177481,0.4644812,0.03901812
12.607850486168974,2.6369207595923037,28.959735927589975,1.1480043452033508,0.5646420769273155,100000.0,0.1850488,0.63165146,0.06831069,0.005152923
10.612771975694962,4.111005549914768,21.553725572640225,2.024205251431971,0.5076131066099052,200000.0,0.43409055,1.1151358,0.16468804,0.01924975
12.70967179954561,9.071095689154106,19.21056234955512,6.001419790508715,0.3384018870306552,200000.0,1.7403549,3.0766566,0.84110117,0.17572685
9.937955963643908,5.265654762365851,14.318105147335146,3.6548024064401545,0.305916819203305,100000.0,0.58776844,1.883427,0.282385,0.07019756
10.22732829381994,7.008019646689244,15.3170608834999,4.679312706358703,0.3322917254421053,50000.0,0.9881225,2.343819,0.49089733,0.11174747
9.275410183585496,2.5508788408146685,13.479015963173408,1.7553542218385123,0.3118629572865527,100000.0,0.16427793,0.9335813,0.06278645,0.013899498
5.254191267440952,2.730601169278037,15.81400176503519,0.9072403703790018,0.667750684140052,200000.0,0.26720122,0.52123916,0.064227484,0.002642494
6.078914269933044,1.3678175463983098,10.30455714250468,0.8069095533633422,0.4100751555000381,100000.0,0.075835384,0.45770258,0.018823031,0.0025391742
5.314291856867342,2.520415567649481,6.944114445501962,1.928859904628646,0.2347056059380378,50000.0,0.13137724,1.0078001,0.056827076,0.015083036
11.364104112637804,3.5073130512876274,52.00048583233187,0.7664826593920812,0.7814615780844869,200000.0,0.36977234,0.47763383,0.10571171,0.002419314
8.143559810763268,2.5930943584907213,30.19169552362203,0.6994313713451438,0.7302715309780554,100000.0,0.20063192,0.42171445,0.05978567,0.0018354492
10.085706911647028,1.7983228038135004,41.445505192333925,0.4376193907548051,0.7566513699171278,50000.0,0.09813546,0.25126263,0.026027042,0.00048694556
14.07566473926093,2.085722839905407,69.31936420657598,0.4235170903477886,0.7969446935878612,200000.0,0.21610792,0.27297163,0.039073125,0.0005894167
7.49292229148875,5.147008912294532,10.770910486947306,3.580582891312597,0.3043371495316924,50000.0,0.53648233,1.8066906,0.2631102,0.06431655
9.103829230356297,2.8570034656521326,16.19164374229507,1.6063638797765696,0.4377452113415953,200000.0,0.2638722,0.91931087,0.08068902,0.011963525
12.555511385430489,4.278428749432679,36.38678390433724,1.476301423519105,0.6549430854224549,100000.0,0.42127934,0.79477227,0.17740627,0.010441084
7.287981654916225,5.530755437693712,19.059146005268744,2.1148924593261995,0.6176123708322754,50000.0,0.63655454,1.0894668,0.3026108,0.020854374
5.76979909828793,7.213553457664288,8.153320905707579,5.104760957752485,0.2923375438039131,200000.0,1.0565231,2.575266,0.50280195,0.12145896
7.89751452913768,1.3538092585698904,25.43481916148827,0.4203579440197291,0.6894998749943708,50000.0,0.07546028,0.2575231,0.019003255,0.0005339545
6.612212872540044,8.194693590181384,9.938160992856124,5.45222184290119,0.3346643431019964,50000.0,1.3378322,2.70672,0.6653938,0.14146984
14.29697652342573,6.6511035054181695,21.476301604536065,4.427702330821886,0.3342905688935739,100000.0,0.90891975,2.256467,0.44173223,0.10022991
13.08120379564417,1.7358312875398472,27.37711104912468,0.8294068277116534,0.5221846537360482,50000.0,0.08421587,0.4675338,0.029507965,0.0020010627
11.334037565104236,8.862207616960994,25.513548131292,3.936912009396096,0.555763960905022,200000.0,1.7195725,2.0561132,0.80168694,0.07461701
13.714605901877178,9.28785160478632,30.345521050733193,4.197628514000559,0.5480517247026868,200000.0,1.8706627,2.1897418,0.87617457,0.08198005
13.036720768991144,1.5497016386937736,17.496420064340807,1.154694929854492,0.2548921024386529,200000.0,0.100635976,0.62562317,0.02333222,0.0046456545
6.865700588860358,3.4918988333248335,25.100954872581976,0.95511632915553,0.7264765175782284,200000.0,0.3547084,0.54167086,0.10322812,0.0034723363
13.925589984899778,8.255811518137552,21.736998221076043,5.289002880017043,0.3593600255532236,100000.0,1.3824583,2.678604,0.67426056,0.13460988
10.393422419156508,7.734337213452926,14.389521314172333,5.586442525537329,0.2777089527696825,50000.0,1.179396,2.7806265,0.58455825,0.15227677
13.074401551640625,2.6606891742073957,49.01347735430772,0.709741902542918,0.7332488479213863,100000.0,0.20848319,0.4134302,0.06583831,0.0018810054
13.960912999234932,2.8841439100303927,61.607909540253345,0.6535732587858555,0.7733908989378522,50000.0,0.19573219,0.3454994,0.0744603,0.0012568055
8.180034749718638,4.334248925122438,28.932992076791827,1.225393721027261,0.7172765703592705,50000.0,0.4037737,0.6512132,0.17966844,0.00689633
6.100519245276768,5.360706866719192,19.410456429923293,1.684818465077021,0.6857096448349269,50000.0,0.5973121,0.8841957,0.28013298,0.012982391
7.279351625419417,6.564292943772664,17.891767327258144,2.670714169034718,0.5931451883834131,100000.0,0.94489384,1.3744239,0.44548675,0.034671012
9.271077886262564,4.320222756127952,19.747311372107543,2.0282822761705135,0.5305144223654836,50000.0,0.39190742,1.0636622,0.18335386,0.019802926
13.18014765922493,5.162812445198331,17.625043654642013,3.8607921601758006,0.2521920559468461,100000.0,0.5587873,1.99606,0.2677811,0.07767667
13.607305832563434,7.727238443203809,24.520846061468344,4.288061532389034,0.4450719278424193,200000.0,1.3064584,2.2310085,0.6084101,0.09038653
5.069521305311907,1.330148826015381,8.795344576862185,0.766680344788299,0.4236131102073884,200000.0,0.12247287,0.48170143,0.020379124,0.0023961086
10.107473025775658,3.2719324990961867,15.691234415738272,2.1076078911677807,0.3558522702561957,50000.0,0.23340306,1.1034582,0.10315509,0.022096284
9.174110031487787,7.420146272960972,25.069440853764313,2.715387182145964,0.634052068213151,100000.0,1.1806121,1.4030914,0.55924296,0.036607128
7.221078104707303,9.056861539184794,14.371032276256027,4.550842507397891,0.4975254410472625,200000.0,1.7482688,2.331869,0.8213254,0.09686483
6.198653673336828,5.6050969790409955,8.249776997465966,4.211514443264799,0.2486277295445887,100000.0,0.63048375,2.1164007,0.3059462,0.08119218
8.37615171403628,5.789021367387841,12.541212962330686,3.866429937413874,0.3321099211698868,100000.0,0.7012691,1.9734288,0.33761224,0.07644804
14.429097039125192,1.9645481020579845,36.99344073292736,0.7662616572292208,0.6099552581957577,50000.0,0.10977372,0.4244319,0.035883736,0.0018637022
8.232029320207552,5.026711301411092,10.913157707264892,3.7917563300572543,0.2456785156941801,200000.0,0.53891003,1.971932,0.2446662,0.06753652
10.18790621743366,5.793555398095209,35.21865431253371,1.675935671406242,0.7107241484292612,50000.0,0.6831876,0.8665792,0.3222911,0.01322289
12.030189588951778,3.1822345327125667,23.921058921973646,1.6003841999601145,0.4970879162083846,50000.0,0.2142598,0.85408634,0.09592874,0.011625921
8.63629602379294,3.423189078544429,16.87936847010266,1.7514680291557652,0.4883519463959888,200000.0,0.33265573,0.98833174,0.11358279,0.013917637
14.717820827209607,4.395557467941604,33.106837012960945,1.9540684971971525,0.5554446707957106,200000.0,0.49686277,1.0953349,0.19542699,0.018597243
14.624472949421111,1.180640779999537,47.91901727807892,0.3603214366832458,0.6948085795550896,100000.0,0.09282235,0.25047857,0.017325703,0.00038116288
7.5178229582536416,3.898712490248605,12.713747545187012,2.305365130355831,0.4086855247413158,200000.0,0.38171485,1.2516701,0.14686659,0.026343644
9.972485058923857,2.9030320629689017,25.362998131533736,1.1414440723212558,0.6068096915354382,100000.0,0.21786486,0.6323642,0.08051488,0.005287108
8.008783098167697,3.947476169601232,17.389197522926654,1.8180528679279329,0.5394391783974747,100000.0,0.3566113,0.9696755,0.1517722,0.015060689
7.848404943774677,2.077859186373261,12.267291376708368,1.3293790625828728,0.3602169621016528,100000.0,0.1226788,0.72903067,0.041838516,0.007986237
5.3688694735453275,9.014745526659055,19.67901896634094,2.4594209778770426,0.727177991813095,200000.0,1.7464241,1.3022379,0.7938279,0.028404787
11.095643339798968,6.342332081986438,34.50734575740587,2.039341281680091,0.678455612964157,50000.0,0.8306584,1.0535543,0.39554763,0.020014284
10.026790232288617,7.111920872300407,24.761853876015415,2.8798222900532737,0.5950711007950553,100000.0,1.0932444,1.4869676,0.5202214,0.042131264
5.514787512499893,8.102541147466045,19.03942408502282,2.3469088424114877,0.7103490374565453,50000.0,1.386317,1.192138,0.67096347,0.025215091
7.786464642366115,5.485979790361515,27.8462475983857,1.5340087570312837,0.7203765205758814,50000.0,0.616192,0.80109596,0.28836554,0.01099306
14.082658859666536,1.7822825927868131,37.555538196156775,0.6683242725651363,0.6250177860290209,200000.0,0.17136598,0.41918007,0.028744021,0.0013353263
7.395618906669724,5.83395887636693,24.8348472511594,1.7373062991067398,0.7022079970182034,50000.0,0.6974503,0.9043308,0.32930055,0.014117487
6.448948720912231,6.281570062187912,16.903431935710977,2.3965265380389997,0.6184828770015702,50000.0,0.8277631,1.2232955,0.39706612,0.027047887
9.89452760277563,7.70895526765897,25.246581648519825,3.021259343000452,0.6080844630561804,200000.0,1.3286744,1.5931122,0.5988785,0.043769326
14.856504541106007,4.884935916067114,34.64401887269601,2.0948225691350126,0.5711668269291106,100000.0,0.52401996,1.1098151,0.23714465,0.020903366
7.420552715115004,2.148222725160074,21.30077896675658,0.7483763857057495,0.6516299837345848,50000.0,0.1252936,0.43002164,0.041717324,0.0020441168
11.721355474058786,3.55398315218852,16.629882546837997,2.504978598513214,0.2951630631758442,200000.0,0.31257987,1.3621912,0.12294811,0.029969933
12.616196153287175,4.267740667587716,46.472337803934835,1.158595756916892,0.7285224555193572,50000.0,0.40748736,0.6150662,0.18116525,0.006074456
7.376375439923997,6.8132551719844106,26.639719702742177,1.8865486828447264,0.7231061166471393,50000.0,0.9574954,0.9760878,0.45430374,0.016870935
12.282163486118597,6.137004742020207,15.697025876608723,4.801909364811588,0.2175483698207355,100000.0,0.7674947,2.4300637,0.37816775,0.11356626
8.677831327192532,4.204870533080616,28.49769387453249,1.2804249143599988,0.6954900503388577,50000.0,0.37750015,0.6787129,0.16781534,0.007538598
11.323058305935795,9.878637239136816,15.668191172368548,7.139074588213972,0.2773219204840671,200000.0,2.0010672,3.6282704,0.9696956,0.24338536
11.335297107608948,6.451973374211985,18.92595453387605,3.864271944443742,0.4010713125554851,50000.0,0.8598543,1.9517716,0.42588165,0.079672225
10.357746840747584,3.1350411256239505,29.26784918645425,1.1094755240700744,0.6461049537749648,100000.0,0.2485801,0.61483794,0.09234454,0.005268071
5.902897700544083,1.9160422535836337,8.390231708659037,1.3480201507607446,0.2964559376289849,100000.0,0.104373604,0.7426025,0.035704613,0.007345746
13.35302495589238,2.375732252658988,43.18295782097994,0.7346234176405011,0.6907802144714374,200000.0,0.2250463,0.44350556,0.050359264,0.00187528
8.207800649717358,3.213619555460573,27.293876302081134,0.9663980441371932,0.6992805067746453,100000.0,0.2654991,0.55235034,0.095211804,0.0039918423
6.8651851039985425,2.446132359336001,13.85452448831112,1.2121059405460275,0.5044806402565019,50000.0,0.14100666,0.6792122,0.058111474,0.0057514566
5.407751415547639,2.679103216461752,6.792219953405774,2.1330175274955128,0.2038315230301001,100000.0,0.15646502,1.0948355,0.06406041,0.018515185
10.908929431882418,3.565856518244624,17.377073937053787,2.23856313569578,0.3722228799049477,200000.0,0.33400968,1.2234427,0.12553129,0.024945965
11.775643618422825,2.560362357652793,27.39516605045081,1.100556010583042,0.5701561510254454,100000.0,0.17740689,0.6106378,0.06401698,0.004606354
5.165878289278561,9.070888821637826,24.449429788289173,1.916572616781561,0.7887117068164542,100000.0,1.7122396,1.0086659,0.812464,0.017098678
10.12093058299281,1.72210371095478,24.045247883859552,0.7248539170597241,0.5790881162100011,100000.0,0.11055629,0.41987365,0.025840176,0.0014790461
7.264957751979379,5.720602506132292,11.278926265780516,3.684742194743168,0.3558821486384959,200000.0,0.7082226,1.9051659,0.31754825,0.06555377
11.4517279040945,4.693571442906954,27.29223378048432,1.9694065167004744,0.5804034218597669,100000.0,0.49254343,1.0446134,0.21995167,0.018742329
6.743664290049915,9.841407552177458,14.167100869381905,4.684596325341346,0.5239912278295134,100000.0,1.9929731,2.3748746,0.9616728,0.099850774
11.90937738102466,2.008350119512471,35.86159865903736,0.666958540078147,0.6679072370906862,50000.0,0.109930135,0.3685428,0.037484016,0.0013714861
8.867353463005374,4.580700391411675,12.05111914749046,3.370532560640468,0.264188383296175,200000.0,0.4630927,1.7791654,0.20368655,0.054531958
14.367299887367343,9.72523389947832,41.84042038094371,3.339482506065692,0.656616741501217,100000.0,1.9394612,1.7243869,0.92546415,0.05227085
6.3752094414599325,8.789564133045822,13.41471410916387,4.177152922627879,0.5247599472056662,200000.0,1.6631324,2.1419933,0.773168,0.08190574
8.410663510502586,8.353648638543518,37.85095370641213,1.856220805655823,0.7777952023153969,100000.0,1.4852563,0.97543246,0.69912475,0.015767913
6.134735212405891,3.3211254434044584,10.31261639348157,1.975660145309842,0.4051232996232117,100000.0,0.26252308,1.0622092,0.1078973,0.017900886
14.246936182785628,2.5379882865105925,33.88683597233623,1.0670384564700042,0.579573135880369,100000.0,0.17793359,0.5821242,0.061753422,0.004371644
13.77339353380981,7.017788979319879,57.202484039878485,1.689765243097151,0.7592168633060106,50000.0,1.0557171,0.8693284,0.49960586,0.012760704
7.579416277151556,9.364383902148273,10.2633394477371,6.91554285375291,0.2615058367944076,50000.0,1.7031049,3.4194326,0.8461927,0.22470957
11.59984046034179,6.010866037125368,48.8079548240982,1.4285598999267108,0.7623370923418709,50000.0,0.74115086,0.73037595,0.34635246,0.009406595
13.17222200201216,6.144514205229099,34.013145236633044,2.3795772088323024,0.6127314333804881,200000.0,0.8805828,1.291719,0.38110474,0.026907723
10.552008115994624,3.5198118429425573,13.897062007591185,2.672585263936779,0.2407022354631031,200000.0,0.29661414,1.4469947,0.11954947,0.033059224
10.296505783560065,7.925436398727432,16.622767860265995,4.909188554079263,0.3805781401680898,50000.0,1.2618593,2.4561317,0.6241083,0.118736945
7.418522909004517,2.6833937370177106,19.777625298110824,1.0065322611732683,0.624903253187169,200000.0,0.2565257,0.57743496,0.064847626,0.0033514188
5.931027678058992,3.913113127638193,7.808199812914866,2.9723601884534867,0.240410360881263,100000.0,0.31643638,1.5217555,0.14514512,0.039880227
13.972157579533269,4.828927947547751,31.00117182489272,2.176386834809036,0.549302276105764,100000.0,0.51431406,1.1544807,0.23367655,0.022918776
14.004180571633304,5.568493408160095,23.6369379917326,3.299166212945994,0.4075298341717741,100000.0,0.6603354,1.7134026,0.31379774,0.05807272
11.33101457273268,3.181687591735722,26.508354894084007,1.3600145543504116,0.5725493106604863,50000.0,0.22226624,0.72940075,0.09618532,0.00813082
8.390297910487007,2.033531422652832,10.860456929163616,1.5710144202659897,0.2274452202875077,200000.0,0.13435301,0.8172524,0.03877056,0.00948292
8.492095746126608,6.495580381974693,30.648764287187696,1.7997818774524,0.7229220836914259,50000.0,0.86051244,0.92835176,0.40772042,0.0153897125
12.259556788702394,3.597674979162302,56.781755345160775,0.7767618391898282,0.7840933815064381,200000.0,0.38271064,0.47940454,0.11103147,0.0025229582
13.971102599525771,6.231143992803511,63.89030321054957,1.3625847376085365,0.781326713171415,100000.0,0.84328353,0.7200074,0.3713079,0.008163506
13.870864242651171,2.389264437467821,39.607400625329646,0.8367416727346682,0.6497910990457549,50000.0,0.14383823,0.45767364,0.05479901,0.0026056834
12.798755458576238,5.330260916693358,17.72807864496836,3.8481725724139495,0.2780517440783792,200000.0,0.6058086,2.0337572,0.275714,0.072611086
11.420316461542878,5.793304892964272,33.098329284061094,1.9989339844932172,0.6549579175574136,200000.0,0.78785473,1.0962466,0.33025414,0.018436883
5.841399649950488,1.4664118314018422,7.438924728062244,1.1514967380057486,0.2147521498752809,100000.0,0.06838067,0.6375995,0.02036351,0.004493106
6.616287140946138,4.029438503745285,8.409901594644865,3.1700635087739073,0.2132741309173983,50000.0,0.31472522,1.59044,0.15064296,0.045566767
13.985541885270791,2.209732092450768,23.08478051856157,1.338730541940754,0.3941661314897248,50000.0,0.11187772,0.71363485,0.04321499,0.007578814
11.0642905965959,1.5703747342549097,21.83106371257501,0.7958880352376089,0.4931859142427995,50000.0,0.07302529,0.4535782,0.025087837,0.0019067752
5.091970516166296,9.909642091509507,15.075904826696137,3.347036608136049,0.6622444506846761,100000.0,1.9975148,1.6912506,0.959058,0.050411973
6.014715428660321,3.9011846047725065,15.421446718143835,1.5215508415802872,0.6099772259639031,50000.0,0.3257387,0.79883254,0.14524902,0.009959437
11.635017691080558,8.288870012691714,21.851506543451325,4.413478267274786,0.4675416238260491,100000.0,1.4399258,2.2478194,0.6973836,0.096704476
5.050615838462187,3.2917658928738747,7.943418047489956,2.092983757831038,0.3641759997689995,100000.0,0.25042132,1.1163403,0.10225659,0.019820679
6.608080514174986,7.133524500015364,32.75781727564542,1.4390123691479262,0.7982747000946269,100000.0,1.0744627,0.78688496,0.4855554,0.009965582
10.48733789366586,7.842050739007179,19.267880013782584,4.268359353515351,0.4557087813415838,200000.0,1.3468882,2.210499,0.62900656,0.09049283
11.918951976926932,6.360748665470599,22.52395611699589,3.365903284807042,0.4708322145978053,50000.0,0.8433669,1.7060474,0.41583169,0.059426785
11.519612595026006,5.244185696951425,16.413779768184103,3.680504335896807,0.2981742927150015,50000.0,0.5673406,1.8717418,0.27841535,0.073309176
7.242693094605598,4.706568227325417,22.415268374848313,1.520759360507571,0.6768857292499577,100000.0,0.494012,0.80841154,0.21209453,0.01027416
12.12179221347536,4.139814398886958,31.584385274939052,1.5888221191842693,0.6162093354688933,100000.0,0.39236847,0.8499565,0.16660634,0.011936432
7.372490874968001,9.365762298230432,11.044297566703785,6.252004408953203,0.3324617676732563,50000.0,1.709361,3.1034877,0.8486331,0.1815848
8.253996981592678,8.475574670089562,10.996951499316127,6.361523713961372,0.2494286273695056,100000.0,1.4223466,3.1819751,0.697025,0.19243462
12.46491405118024,9.685242195998612,31.822570143769227,3.793713423917919,0.608299581244828,50000.0,1.8598192,1.8941818,0.90691847,0.06688594
11.496328990472149,2.1186750113699024,28.22616968375515,0.862922076480634,0.5927067285686812,200000.0,0.19848017,0.5028996,0.039915737,0.0022888966
13.49223410494178,7.577807276832798,21.212727554614005,4.819821002175687,0.3639557161989256,100000.0,1.1788708,2.4495842,0.57314897,0.115850106
11.576128923003434,9.44506411138934,50.44463553388305,2.1674709051279666,0.7705181373502463,50000.0,1.7307609,1.0992891,0.8367603,0.02211149
10.683086033354716,2.6310975954909415,15.06006363926902,1.8664092428859589,0.2906347350685401,100000.0,0.16939163,0.98137087,0.06654184,0.015515062
5.936747678280925,1.5984664063009977,10.981793098647124,0.8641295315959432,0.4594008806255611,50000.0,0.07631094,0.48704228,0.025604267,0.002599895
8.677158030594335,7.670085843610531,37.10876025147062,1.7934996082386094,0.7661695521005594,50000.0,1.227189,0.9211871,0.5853163,0.015031237
7.6520236768172545,6.170258018619207,13.959379169643093,3.3823109091572063,0.4518363901556734,100000.0,0.8256225,1.732815,0.39434248,0.05869352
7.439896433790835,8.576458990824449,17.846424268659312,3.57539222982855,0.5831155685984514,200000.0,1.6047094,1.8521122,0.7368668,0.06028178
14.730105547524456,2.2579513896366055,26.236138077143544,1.2677118176741915,0.4385566387776766,50000.0,0.12014746,0.68812317,0.04763662,0.006418685
8.930977246667604,8.15740580673901,14.054109397542629,5.183793835030116,0.364529121409202,50000.0,1.3294678,2.586963,0.657603,0.12944543
13.920465551771134,2.8146458804297008,66.41018563878248,0.5899875243847384,0.790386588775897,50000.0,0.18603711,0.3081194,0.06862027,0.00092395884
11.311386259972627,2.472903485791341,20.402948229544048,1.3709766939914296,0.4456004037890259,200000.0,0.2249236,0.800867,0.0598506,0.008214037
12.948113035416483,2.478392181378936,49.13140153601112,0.6531566596378487,0.7364595222074808,200000.0,0.24589455,0.40789065,0.053389326,0.0014953627
10.026370931051922,8.33117248208244,15.14495232036684,5.515463094829194,0.3379727635346518,100000.0,1.4105793,2.7872715,0.6869792,0.14721163
10.76903884626359,6.986774986265801,16.02208478477225,4.696071219689823,0.32786282241505,200000.0,1.0346984,2.4192665,0.48700914,0.10920107
9.925176938188638,5.707588822922074,12.703095596120413,4.459450732247519,0.2186804497307068,100000.0,0.66642123,2.2645662,0.3274863,0.09689697
6.952429877980445,4.229474357111522,16.998610016337683,1.7298546093046707,0.5910000952255311,100000.0,0.40512496,0.91544086,0.17216799,0.013084157
12.224521152615054,8.894804867317974,21.117386317101523,5.149061944320975,0.4211158062342567,200000.0,1.6966428,2.6523051,0.8080399,0.12759562
7.807723624408558,4.532005966803719,27.747471380369223,1.2752387260054214,0.7186149499037824,100000.0,0.4681257,0.68889093,0.19483109,0.007324022
5.243159664314538,8.349394955244193,10.15970402601728,4.308906119574116,0.4839259440149343,200000.0,1.5032332,2.1959324,0.69779915,0.087344356
11.454722959071676,4.952214177131966,52.284630215640725,1.0849506097504036,0.7809160567488331,100000.0,0.55306035,0.5918129,0.23087956,0.0050055794
6.771106794070489,4.392499864824169,9.831940344697331,3.025047410270899,0.3113153094218727,200000.0,0.4374678,1.6011692,0.18511902,0.04404194
14.404585843529144,5.164118071026458,51.661540592801224,1.4398908976900735,0.7211739007733666,200000.0,0.6711376,0.83225715,0.26067272,0.0101352865
14.539285770025874,3.7124008674772786,43.52533702564302,1.240097395991311,0.665958111675045,100000.0,0.338357,0.6753465,0.13406211,0.0075584347
14.148643902204483,7.72848442158626,41.92850545300432,2.6079530573137486,0.6625531067864312,50000.0,1.2978574,1.342093,0.6268177,0.033600695
8.701587002554444,5.5244835108323125,29.68507190850406,1.6193922002901864,0.7068699368701328,100000.0,0.65522105,0.85630965,0.2915214,0.012038947
5.154566165288674,3.0899142563213555,15.011014101103283,1.0610320776466764,0.6566143945657994,200000.0,0.2993403,0.58374083,0.08288284,0.0037798714
14.283185625877254,9.096171159471115,33.6654947406019,3.8592125901178487,0.5757321929788493,50000.0,1.7046225,1.9348654,0.83632857,0.07242231
9.281841483173142,4.455020992358903,12.869049471830689,3.213197582758354,0.2787469266094325,100000.0,0.42817515,1.6702399,0.20171115,0.05278372
14.666548190436696,5.891975750025898,18.79159944028775,4.598594523538651,0.2195157076947511,100000.0,0.7103349,2.3362086,0.34859014,0.10579914
14.636199770892528,9.158248998680923,59.13824156553821,2.2665868708274393,0.7525087086894122,100000.0,1.7868868,1.195888,0.85368764,0.023445567
13.5300945546736,6.618141963225929,31.464618247107214,2.8458659766810444,0.5699901887124429,50000.0,0.9202445,1.4542255,0.44652385,0.040814765
7.944488920695857,2.0520823663752767,24.66637944960232,0.6609298157166945,0.6779223745857059,200000.0,0.2108466,0.42364165,0.036808148,0.0013413498
8.850977286019253,9.458489112521276,17.317960351367905,4.834106938486761,0.4889134109075301,100000.0,1.8423308,2.4489782,0.8932341,0.10876439
13.511366715168569,6.6493724776427605,18.518485928948625,4.851482476261011,0.2703849133774367,100000.0,0.90035063,2.4586613,0.4410911,0.11769059
8.169220051562776,4.014150531913775,11.269622532907803,2.909811656916271,0.2751114753215303,100000.0,0.3506247,1.5172644,0.1613237,0.041661102
6.694927466860925,2.2534486539704854,17.22562962448214,0.8758272189473795,0.6113391723373829,100000.0,0.16050474,0.51633453,0.04852084,0.0026295746
10.568012624583504,8.146226703432664,19.504783160136142,4.413759739741436,0.4581835369396776,100000.0,1.3953288,2.2499688,0.67620516,0.09717138
14.36154774160781,6.580654803356621,21.12970607967349,4.47277343911389,0.320314836020202,200000.0,0.91533804,2.3306975,0.42801902,0.098543465
11.96029796674973,5.801149827786894,23.68172913273091,2.9298316901274775,0.4949567280448622,200000.0,0.77058595,1.5542353,0.33656704,0.042641856
10.70061170089365,9.04503324745862,14.052486019025675,6.887563415589756,0.2385253622450804,100000.0,1.6260941,3.4417317,0.8018267,0.22376844
5.971764937707685,8.097374901020777,13.246534255535384,3.650435547032504,0.5491828411486394,50000.0,1.3834914,1.8202589,0.68339,0.064521275
11.150072266991698,2.365073917594761,17.460073867149177,1.5103455631751277,0.3613960426610586,200000.0,0.1948353,0.85073036,0.05446188,0.010379509
14.900538501042632,3.805498610159934,46.35204405053081,1.2233328587308108,0.678535460382313,50000.0,0.32713965,0.64718103,0.14261366,0.007165887
6.40084015236524,3.236402258330192,10.428509719310634,1.9864481198081312,0.3862171753541443,200000.0,0.29185468,1.1016663,0.10080767,0.019301577
10.183296523637368,7.695516633154092,19.327987755012835,4.054520769119742,0.4731320894490807,100000.0,1.2600214,2.07347,0.6092725,0.08388639
13.773730719279554,1.3017919126220143,17.36853723415557,1.0323570151740116,0.2069723239448604,200000.0,0.0811208,0.59576654,0.017354442,0.0033391058
12.407686177542043,6.129007163841849,16.400744916988756,4.63678923449894,0.2434681326767353,100000.0,0.76925296,2.3558977,0.37705526,0.10773413
11.97015740995268,7.862128171666215,21.204739467001225,4.4382017491194965,0.4354961338440109,200000.0,1.34879,2.301163,0.6324835,0.09768586
12.024840839871093,8.890890730855745,23.48433395373716,4.552462342506087,0.4879633008302741,100000.0,1.6386673,2.3102796,0.7946267,0.10002408
8.594911512197552,4.078735738443167,19.53443715855617,1.7945934387058555,0.5600123288715824,100000.0,0.3781524,0.9542465,0.16159713,0.014825597
7.935918442644933,8.391315742048116,12.697419677982037,5.244592920784658,0.374997547225582,100000.0,1.4542338,2.6520045,0.7093322,0.13269062
13.093611554785136,1.995685632596865,34.18600524856733,0.7643692870428049,0.6169891316759256,100000.0,0.13414308,0.42973575,0.03638475,0.0017433721
13.101133946791808,8.618070625610663,46.14268516821117,2.4468991611008635,0.7160734383135228,50000.0,1.5811523,1.2557378,0.7722783,0.028119707
13.670723185801036,2.147397960987842,41.165791234145416,0.7131281147359146,0.6679105933360099,100000.0,0.14741905,0.40997806,0.045337457,0.0016666102
14.132405525564714,4.575585615043305,18.206496923313512,3.55170089562533,0.2237712952090143,50000.0,0.42102915,1.8186109,0.20300995,0.067063004
10.113423988609378,8.175658292015981,19.7645229121581,4.183450268980932,0.4883041683546974,50000.0,1.366402,2.0947313,0.6737562,0.08631649
10.015162946871996,2.349256846138964,13.588322512847595,1.731500712901883,0.2629581070509049,100000.0,0.13719988,0.90784615,0.05320591,0.0123581365
12.982951789667752,3.0632625570937733,19.828172478679956,2.005741585141309,0.3452270095175165,50000.0,0.19998085,1.0432248,0.08541785,0.019594744
11.499639307777652,7.500273115537596,55.28607781926891,1.5600751389971663,0.7919975559602879,200000.0,1.3039547,0.8859017,0.5584226,0.011026296
12.019668772577036,7.480328828914669,16.822426571098426,5.344714952596914,0.2854973257409079,100000.0,1.1319666,2.7014732,0.553857,0.14093457
12.95792669436101,6.770328695967676,25.881322118316117,3.389680887940115,0.4993328920708137,50000.0,0.9534857,1.7132548,0.46867907,0.059384502
13.900053418175665,7.2455360002039,32.39301081138394,3.109107024122474,0.5708934405908715,100000.0,1.147478,1.6174904,0.5456887,0.049416125
8.379951568515358,5.884519990128366,22.13866912865272,2.2274144951836647,0.6214789823264624,100000.0,0.75795406,1.1589928,0.35087872,0.023802672
8.75582952639944,3.266191530162575,18.861753575649377,1.516201350207103,0.5357892100921485,100000.0,0.25658792,0.82575184,0.102516204,0.01001963
5.93981939840869,4.111263941535275,7.479585665734819,3.26490883362458,0.2058625084515102,50000.0,0.3202256,1.622314,0.15369204,0.04731435
10.78280140996174,2.634379451212831,17.8486791125962,1.5914897837378468,0.3958767849463951,200000.0,0.2321947,0.90316075,0.0680027,0.01191468
5.359422737967421,9.176055052002654,10.951610703864896,4.490513717145596,0.5106269860308269,200000.0,1.7736467,2.29076,0.83012486,0.09214612
9.6559801813246,6.250526152895084,12.921500485152192,4.670893811795199,0.2527198994869,50000.0,0.7789436,2.330587,0.3894541,0.1085414
10.426446347075766,4.607662750872759,17.683217022803312,2.7167878104669865,0.4103761587255085,100000.0,0.4728304,1.4274354,0.22007075,0.039662175
7.865412521282844,5.1580522327971945,10.082852179998367,4.023683764575486,0.2199218652748199,50000.0,0.5271404,2.011185,0.26130888,0.07761878
10.908332605690108,9.525550056506338,14.48932796959008,7.171338000395957,0.2471470982930124,50000.0,1.7862314,3.5509634,0.88616335,0.24172832
5.305002499390494,2.380162628044722,9.442092985844145,1.3372849335061103,0.4381539657209576,50000.0,0.13327086,0.73767173,0.052606422,0.0071750046
5.373481887492144,6.276068488151175,7.459330348231556,4.521094893422416,0.2796294524258362,100000.0,0.7863103,2.2582302,0.38010564,0.09251693
13.226005606596583,5.5529981099601935,28.785007828321696,2.551466533335172,0.5405245089569349,50000.0,0.6422642,1.3174026,0.31126094,0.032066252
8.60190641411263,6.503088118911831,22.266213852715456,2.512279625607985,0.6136789814823596,100000.0,0.9201453,1.2989894,0.43245706,0.03105104
6.270605126518848,1.1629916543875645,19.617221156950396,0.3717479337035206,0.6803520194654498,50000.0,0.06957099,0.24831226,0.017023604,0.000479427
10.222432600548045,8.849115180497364,15.0349822827696,6.016600605561688,0.320090146546886,200000.0,1.6476178,3.0702007,0.79527855,0.17680681
12.699935530986108,9.38906454235251,18.155462179705616,6.567748769151847,0.3004895493554418,50000.0,1.7277633,3.2738786,0.85934955,0.20542404
7.1582102749684315,6.086198652302881,9.709216710800876,4.487106532491834,0.2627407042006401,50000.0,0.72908634,2.2265553,0.36238047,0.09513557
11.22890475819,7.26985741489203,26.85429538047152,3.039831630689788,0.5818581497261821,200000.0,1.1939485,1.6072803,0.5370751,0.0450584
5.85347464993768,9.302494430595662,15.563009807456078,3.498803637879275,0.6238854358921408,100000.0,1.8333206,1.7755737,0.8889879,0.057379246
5.516817211686077,7.3651477088205874,7.063349499798672,5.752536193740638,0.2189516868953852,100000.0,1.0657465,2.8498337,0.53105336,0.15296198
10.31354631568148,2.372851386228352,43.28464143126441,0.565385593200702,0.7617273477462141,50000.0,0.14276908,0.3168667,0.047482755,0.0009216677
10.406351216101063,6.186595241501319,13.535533300528105,4.756361015521306,0.2311827701908834,200000.0,0.79281414,2.4371514,0.37529024,0.106763974
11.374299014982066,6.460435417445703,23.934696323615313,3.070142324409002,0.5247778011806423,100000.0,0.9137541,1.5871376,0.43638265,0.049220335
12.260913337226617,4.817176041721474,32.733854666772835,1.8043392255194564,0.6254363116705499,50000.0,0.4813076,0.94406384,0.22545952,0.01537146
14.758520794625346,7.627998120622506,53.19947813362788,2.1161479930647804,0.7225814742476515,200000.0,1.3843243,1.1691366,0.6135408,0.021181589
10.163003483011952,9.409303132921131,27.353149094616793,3.49600626172189,0.6284521592794567,100000.0,1.8328156,1.7909919,0.88570666,0.058285225
8.22956472941246,9.330116616160987,25.80098900243706,2.9759633872333726,0.6810368498418752,100000.0,1.8111125,1.5267007,0.8730553,0.041030645
12.951861947687036,5.057554342637189,21.719290421113996,3.015970796867412,0.4036701155256836,200000.0,0.5764151,1.6146336,0.24925947,0.046278503
7.708322512620742,2.019142412566797,24.77724306461076,0.6281651624593491,0.6888950682479074,200000.0,0.20908286,0.40989247,0.035851084,0.0012188238
9.38971420705636,9.863570790661012,12.48746634477983,7.416725557309904,0.2480689078308051,200000.0,1.9791503,3.743693,0.96205866,0.2572546
5.784563813422659,8.550082778013408,21.98534329183572,2.249612334133127,0.7368899936363167,200000.0,1.6038483,1.206841,0.7199756,0.023895077
5.253507434154575,2.1219641308294017,11.143425379045926,1.0003884763551991,0.5285554256922418,50000.0,0.11583107,0.57127696,0.044733133,0.003490818
14.626484146779251,9.28757694355635,47.239910014587494,2.8756320002508726,0.6903786619774963,200000.0,1.9085109,1.5455346,0.88278806,0.03812345
13.35980120512206,8.829067258559155,25.273501708987105,4.667124673074422,0.4713909707109801,100000.0,1.6120858,2.3651392,0.781887,0.104243524
11.95974206093698,5.669542514134649,28.898500182961047,2.346359348868426,0.586146617117915,100000.0,0.70920366,1.234056,0.33025858,0.027243234
9.089529444142698,6.321478921704363,18.77387520198324,3.0605971421014533,0.5158415965616681,50000.0,0.83775103,1.5513779,0.41022456,0.047647916
6.7329432007084575,4.591024334831173,18.648421114217246,1.6575722893732006,0.6389537130531993,100000.0,0.47239834,0.87547886,0.20311873,0.011996898
6.564370426710861,1.492854749398282,8.740583275154368,1.1211667756980284,0.2489779892183537,100000.0,0.07217987,0.6183275,0.021509014,0.0044100024
7.502428981645953,4.016775174813109,9.82264924106227,3.0679676882175677,0.2362112503943383,200000.0,0.36496013,1.6336162,0.1548585,0.044135492
10.492266647061204,8.225681037382103,16.098901226665777,5.360989398141848,0.3482619404060879,100000.0,1.3806542,2.712998,0.6720644,0.13988717
12.145959227000624,1.0416882070414255,17.24609053154455,0.7336330785710776,0.295726808067913,50000.0,0.042572822,0.42119956,0.011448433,0.0022130604
11.601973767177313,4.001492545220298,41.894990180204786,1.1081327705176836,0.723070139955321,200000.0,0.4474599,0.6542378,0.14806941,0.0056169257
7.799338969459429,4.58351824231849,11.667419948671007,3.063951807838609,0.3315283924148266,200000.0,0.47533026,1.6200609,0.20326856,0.046157625
14.54865280663194,5.836560426441306,67.83194417341103,1.2518304209612658,0.7855191534914789,50000.0,0.7157702,0.6390557,0.33452788,0.006883735
12.378969166957685,9.278700547714845,20.705377324419473,5.5473873375942375,0.4021374750626642,200000.0,1.8141317,2.8478253,0.8690381,0.1462144
10.543540525114008,4.1171139492936515,15.264360842047996,2.8438110327759833,0.3092707494132196,200000.0,0.39665306,1.5309719,0.16541918,0.040037908
11.117207462343522,4.122578817066049,34.082950928167726,1.344706451204279,0.6738191042854875,50000.0,0.36385307,0.71312165,0.16216728,0.0084591955
9.1960006242779,7.637511232987736,22.7187771485767,3.0914761656036047,0.5952246653005258,200000.0,1.3044817,1.621262,0.5880963,0.045826226
7.477309895011574,5.069961468008264,14.922310893990543,2.5404693228401,0.4989174298718834,50000.0,0.54252356,1.3116417,0.26151195,0.031816393
8.559726786512616,3.021443406459838,18.33774477322575,1.4103550016666933,0.5332181305625787,50000.0,0.20014687,0.76568323,0.08674158,0.008534122
12.57846110464369,5.07195564519424,34.13617435597841,1.8689088045503448,0.6315210669633584,100000.0,0.5690831,0.9943106,0.25520185,0.016686754
5.143934886297559,2.2677131834181985,7.759427028956449,1.5033286494957303,0.3370728447987793,100000.0,0.136453,0.83394223,0.04843431,0.009820783
6.160726405069163,2.58748287855601,30.468531443645237,0.5231881333719192,0.7978003496340453,200000.0,0.26398882,0.3747122,0.054428466,0.0010481167
5.4600264202175275,5.4853099546553175,25.380821355610635,1.1800223820920424,0.7848758972880701,200000.0,0.6989449,0.68410534,0.2694734,0.0063893353
5.407288023189701,4.770329045540931,13.194796200423314,1.9549027300474635,0.5901954118081623,50000.0,0.47834152,1.016189,0.22271107,0.016852573
13.554605840110073,9.2336131096129,19.92519968551243,6.281391813196134,0.3197254705574871,200000.0,1.7960786,3.215654,0.8724862,0.19295852
12.036578593800236,4.261545092049698,30.7162883928726,1.6699420768357611,0.6081369454587748,50000.0,0.37958422,0.8767486,0.1744496,0.013065941
9.741738290873252,6.225295152502391,12.874300894572029,4.710562278740043,0.2433190453875055,50000.0,0.7719203,2.3486717,0.3864252,0.11002722
5.978341606510015,6.690378591275773,7.648767402904438,5.229256766304563,0.2183915013234836,200000.0,0.8946963,2.6300287,0.43269184,0.124682784
9.916158751168323,1.1178501092950026,15.364592960011528,0.7214495803845747,0.3546097331067283,50000.0,0.047435865,0.4027565,0.01287717,0.002258975
9.734717707805656,6.971836348150395,18.633669643946813,3.642270151349931,0.4775737740435898,100000.0,1.0495172,1.8675252,0.50538546,0.06921673
6.732018699100152,2.6023237018277627,24.12594329913657,0.7261432891804483,0.7209635032450283,200000.0,0.2590749,0.45268553,0.057119764,0.001802523
9.33851649237973,9.649632857225097,25.67652877188337,3.509557556755212,0.6363014418597849,100000.0,1.9056333,1.7929274,0.9188382,0.057698045
8.985047343973735,2.3379645497780164,25.354553161128432,0.8285187293497065,0.6456239127199888,200000.0,0.22605419,0.4858511,0.04698403,0.0021843037
11.158500980522165,4.731617113543214,20.48543978789169,2.577330765050723,0.4552960006688452,50000.0,0.4719239,1.3417014,0.22757852,0.03473642
11.350936508676437,1.7681470127077947,19.15967116107784,1.0475192559684323,0.4075609955281778,200000.0,0.14616182,0.5900193,0.028974427,0.0047025783
5.453040097720445,9.971868266613528,9.444509449506524,5.757524813517003,0.4226232577907616,100000.0,2.0110266,2.8984337,0.97526014,0.14833243
8.746126146264713,5.519755092981184,42.168242169493155,1.1448538486772972,0.7925897382416347,50000.0,0.6219952,0.5960011,0.28455794,0.006154067
11.258599157142363,6.358465155880394,14.509729071945394,4.933752387088231,0.2240655148474895,200000.0,0.8390839,2.5241287,0.39902005,0.11490528
10.031362585800878,1.6036882964958474,35.854325050493706,0.4486816793817647,0.7202188976734691,200000.0,0.1721319,0.3139409,0.023364736,0.0006361104
13.564898411883222,7.7496442335926,29.95816154314841,3.508998260975145,0.5472052451434362,200000.0,1.3533437,1.8550141,0.61899745,0.061177585
11.586936316189451,2.889150337860272,21.58396542832591,1.5509847383628197,0.4631692515137543,100000.0,0.21195693,0.8380591,0.0822819,0.011025271
6.629344270814297,9.082488604966423,18.170283091575374,3.313704222142086,0.635154596249082,100000.0,1.7523353,1.688215,0.84897393,0.051761728
5.705687474004298,2.8462567643380643,11.231698432366262,1.4458945515564676,0.4920013648548217,200000.0,0.2613495,0.8343339,0.07771969,0.0087571805
11.424192782063155,2.716189485972999,41.40009427933806,0.7495217791292601,0.7240539428489965,50000.0,0.18130347,0.41450262,0.06701727,0.002017225
5.265113105416218,1.328947010632854,20.283287581408693,0.3449665787167621,0.7404211184067553,50000.0,0.08028962,0.23116231,0.018211382,0.0004400026
10.857755812734633,5.248602505989993,19.85082646929456,2.8708146966221295,0.4530325561240733,100000.0,0.60953325,1.4984348,0.2879708,0.04414226
14.402302414249576,6.083570199363548,22.72002988808727,3.8563953569220697,0.366096678341031,50000.0,0.7517281,1.9441994,0.371771,0.078572705
10.75474177875879,1.5913777548551713,24.190257423724344,0.7075103222813601,0.5554101971560175,100000.0,0.09870874,0.41664013,0.02292518,0.0013616772
8.881699262065219,7.979748550255096,35.16362813352367,2.015540789509668,0.7474180073700147,200000.0,1.4332844,1.1009562,0.63110274,0.018451527
11.432882184423532,5.079599512732249,16.972738398934464,3.4216318786112234,0.3263973134033999,100000.0,0.5541144,1.7767177,0.26356936,0.06337509
9.582528904915169,5.7195124239482205,22.48258595066042,2.4377708705210255,0.5737799501380898,100000.0,0.7239337,1.2688345,0.33869737,0.029613627
10.45616789315935,4.966864722444053,24.832736050716836,2.091367271589317,0.5789361320555124,200000.0,0.6000057,1.1379268,0.24161959,0.020273313
14.41464808776525,4.606867547877934,40.02599219420416,1.6590812831673472,0.6398678134491687,50000.0,0.45002925,0.86627424,0.20516674,0.0129524665
8.861026378007743,6.036762981773961,12.288899519407094,4.352864626714808,0.2789406110763559,100000.0,0.7465425,2.2093678,0.36319825,0.09369033
14.611905638239142,2.3971622133764123,39.43780732384867,0.8881606366646851,0.6294949788092532,100000.0,0.1676472,0.4905658,0.055086046,0.0029291005
14.053506419560636,2.63735317445744,55.20260626418359,0.6714186571284055,0.7454195123993848,200000.0,0.26521254,0.4155835,0.061577674,0.0016612987
6.957911347892964,8.756070589121656,10.052023279891408,6.060865680332921,0.3078098653221452,50000.0,1.5086881,3.0069425,0.74939847,0.17459975
5.6936130087516545,9.515039159202695,8.6598298412667,6.255890904167412,0.3425259949543266,100000.0,1.8225043,3.1370656,0.8954729,0.18320668
6.0077800137742665,4.359783846517777,27.664848868190788,0.9467834934606072,0.7828370564249838,200000.0,0.48549736,0.5577798,0.16302462,0.003944823
5.1822182565154975,3.436702058291984,7.495103574512303,2.3761833271055184,0.3085861716256939,100000.0,0.25931033,1.2428718,0.11049771,0.025685897
5.944429607559284,6.795995889151142,20.68570641373532,1.9529581619459089,0.7126310560217475,200000.0,1.0541037,1.05435,0.44753414,0.0170605
11.830067734163569,4.678607539882868,23.44290014013929,2.360981097369203,0.4953667138688209,50000.0,0.45820343,1.2331408,0.21914823,0.028026685
5.71188648460229,1.2284772009431038,8.765114637592031,0.8005511177931003,0.3483386446419062,50000.0,0.051914193,0.4425093,0.015376049,0.0027279602
8.189756302937614,2.4053733762957132,29.50731239426377,0.6676115230767584,0.722449940763507,50000.0,0.15001705,0.38048208,0.050533887,0.0015685855
13.448753109694543,7.443750059626578,25.240855625075444,3.9661554366143905,0.4671831530015993,50000.0,1.140432,1.9886565,0.5619755,0.08039235
5.232719357358259,6.930315477191362,10.654891472350425,3.403544376233708,0.5088904123578142,100000.0,1.0451254,1.7327775,0.49845442,0.055758223
13.144684825889358,1.2438639325313514,22.490307827013755,0.7269886870902329,0.4155400216398595,100000.0,0.07356351,0.42335656,0.015662523,0.002185716
7.818547747734,2.997749457396545,17.600244780883514,1.331688710026112,0.5557705108609565,50000.0,0.20027418,0.72369975,0.08549849,0.0074457894
6.1816482762165625,3.0796731692926427,8.80720106369894,2.16157848567076,0.2981143235510137,50000.0,0.19786273,1.1253165,0.08680837,0.021058917
11.967371653641507,7.047034692388555,21.16803543700361,3.984048660108293,0.4346489219910565,50000.0,1.0211179,2.0040047,0.5049994,0.082637265
11.28942846779884,1.1773948397892773,51.70274192577219,0.2570872322639976,0.7816473934011725,100000.0,0.08901816,0.18512012,0.014013459,0.00018355396
13.77472013527053,1.9369772378611647,21.35218472269071,1.2495826402051011,0.3548800596206766,50000.0,0.08690087,0.66776997,0.032698307,0.0064548044
12.350710438038858,8.199244768358703,30.42361623429496,3.3285490181292414,0.5940419987247754,50000.0,1.4054611,1.680943,0.6883524,0.05597764
13.034809303848483,2.6069019584890025,21.54920122840173,1.576878397606089,0.3951140385348169,50000.0,0.15008515,0.8275121,0.061619923,0.011261109
7.820345725713064,6.874714970666872,23.28064999947166,2.309327610593794,0.6640838754119605,200000.0,1.071734,1.2267925,0.46453556,0.024235167
6.774395437797228,3.1436450294205387,9.38963635964742,2.2680638237368447,0.2785241964310099,50000.0,0.20486055,1.1743073,0.09151446,0.02323388
12.506147516408584,1.8949725348341064,57.33940740788627,0.4133074813905137,0.7818926270471269,200000.0,0.20183003,0.28038937,0.032135352,0.0005634479
13.06834739267264,3.1885497189950867,24.76349578854567,1.682681466399042,0.4722737248301836,200000.0,0.3093425,0.9575339,0.10190264,0.013212308
14.905051420006734,7.500402386700932,22.639333070947472,4.938037834161338,0.3416302780078784,50000.0,1.127709,2.4672728,0.55668724,0.12129271
9.126176769114265,8.701268212956572,12.07322821402041,6.577305623586254,0.2440980483980076,200000.0,1.5743295,3.3233922,0.76018924,0.20650998
8.720180857927833,8.471978781102925,12.490496456361214,5.914671802986662,0.3018547430525244,50000.0,1.4080805,2.9418335,0.6966624,0.16689783
12.764129607419967,4.5746517665660935,26.14873572077699,2.2330505260667826,0.5118643691336107,100000.0,0.4669327,1.1848634,0.21107304,0.024788016
8.408035402530178,7.012766229135815,14.065008712697235,4.192218286435358,0.4022019058587718,100000.0,1.0388236,2.135696,0.50137645,0.08939532
14.307573256035647,2.844858658742389,47.27120024852698,0.8610533146827046,0.6973300195295657,100000.0,0.22368404,0.48827478,0.079305135,0.0032217188
13.58412751843012,3.6383295723491194,25.0876144451903,1.9700371660622775,0.4585325141970836,100000.0,0.30603027,1.0485768,0.12986465,0.01931385
9.289940273750185,9.067022366690075,14.275273549902876,5.900559169871805,0.349228563552578,200000.0,1.7157896,3.0052464,0.8279492,0.16793701
12.508710677914973,1.1170173115966242,29.109453155816457,0.4799968689962383,0.570286991962418,50000.0,0.06208926,0.31038907,0.012800174,0.0006020487
12.545428740846823,1.7695767776902127,33.37138901452324,0.6652434921515678,0.6240663301312676,50000.0,0.09465665,0.36985824,0.028688774,0.0012878721
6.031238688359326,2.870976296314246,8.618827388593926,2.009037022206556,0.3002251447405699,50000.0,0.17391181,1.0536553,0.07494994,0.017887255
14.025529066795666,1.238789834864377,20.05284266201443,0.866444879131961,0.3005715297729906,100000.0,0.062093247,0.48460585,0.015497226,0.0029569776
10.052523724478572,2.632918915808176,12.921029086126778,2.048403396460739,0.2220028561601258,100000.0,0.1591069,1.0555973,0.0656403,0.017369518
13.264574661077416,6.247374048727229,37.03545744472885,2.237551935970871,0.6418412090393844,50000.0,0.82103676,1.1599088,0.39119145,0.024198417
8.200496010306118,4.792820955332481,20.413600182572196,1.9253590141277652,0.5982827165730831,100000.0,0.51199937,1.012463,0.22734953,0.017243542
13.955232284962005,9.034045399692774,27.08589019343115,4.654534191982363,0.4847785254498883,50000.0,1.6416318,2.3131685,0.81055665,0.10225031
8.892016787341632,8.356992055645968,30.29671394257009,2.4527582031287714,0.7065022693815184,50000.0,1.4560739,1.242184,0.70642257,0.027785262
5.108376514802984,4.076356165280884,16.135218780701482,1.2905658351282616,0.683402091770032,50000.0,0.35907772,0.68958455,0.15870078,0.0073877224
14.053819764192635,3.3348109008816325,31.31509562845347,1.4966210515439486,0.5512126186380514,50000.0,0.23813595,0.78980917,0.105650306,0.010081042
5.912866767861336,4.417231673505402,21.1902430797729,1.2325720979173649,0.7209627683079554,50000.0,0.4187115,0.6627757,0.1871814,0.0069825165
8.19313637590415,6.31265448263327,12.111150943785209,4.270480923757059,0.323504726022061,50000.0,0.80146134,2.1363435,0.39678013,0.09124733
14.50061967050805,3.4125727674058863,19.78666128856066,2.5008979067476385,0.2671517716386367,50000.0,0.23381352,1.2964622,0.10548062,0.030518055
14.50607146937556,6.617340170642207,22.731436450535835,4.222857172329863,0.3618497669101937,100000.0,0.9037572,2.1561923,0.43761405,0.09156222
10.73437888123286,4.684704869721164,14.018163252724689,3.587302852145721,0.2342521136535889,50000.0,0.4506051,1.8241739,0.21920899,0.06687255
11.318372121697992,5.968424627667822,23.51633595378791,2.872592526701426,0.5187017168006193,50000.0,0.74682724,1.4682611,0.36531523,0.0422992
9.484455219783197,4.92513876221785,39.84452740659032,1.1723632097528,0.761963415376977,100000.0,0.5427366,0.6340105,0.22820747,0.0061064786
7.932107716980646,3.650191835877259,10.21660263724,2.8339865861361875,0.2236061244011058,100000.0,0.285058,1.4725552,0.12926771,0.036768705
8.28664545369916,9.53607976265941,11.402583153388266,6.930193882240871,0.2732659484060161,100000.0,1.784033,3.4661665,0.8784591,0.22539203
11.725184560770384,7.872452147437848,22.178201615750268,4.1620125911827355,0.4713194169700612,50000.0,1.2679408,2.085351,0.625386,0.08730833
12.5237452943768,2.261018581898073,52.25303366604161,0.5419096048378694,0.760325010516743,200000.0,0.23205881,0.34957463,0.044019505,0.0009865529
12.915790437258485,8.816211783081215,21.162799161568056,5.380589919671518,0.3896936629860503,200000.0,1.6622006,2.7688794,0.7945646,0.13990934
12.89618142794554,5.386880784245623,26.018247305889552,2.6700565609820943,0.5043408852130356,100000.0,0.6385852,1.4013026,0.29945087,0.036474865
5.912061030486903,9.050970042046822,7.627911866773263,7.015011212541057,0.2249437154302352,200000.0,1.6434257,3.4979606,0.79641134,0.23065363
9.944203047025814,8.198697303525837,13.986337347702632,5.829225241786108,0.2890059205772533,100000.0,1.3485328,2.936916,0.65824336,0.1641233
5.575587600166443,4.8269215402231005,26.802884202428036,1.0041055165326658,0.7919780737753082,50000.0,0.50748456,0.5596132,0.22459997,0.0050575384
10.495288823237356,1.2022237748810567,47.5053033907729,0.2656058344422688,0.7790712178616275,200000.0,0.14302741,0.22126214,0.015020884,0.00026786115
9.41530501373377,3.4180962344645147,11.81289788491592,2.7243457894334724,0.2029639885606458,50000.0,0.2351603,1.3912729,0.10996975,0.034013834
13.877041827582998,5.874707931947802,60.62148566094067,1.3447965982298602,0.7710870712539435,200000.0,0.82604337,0.7719381,0.3296855,0.008592034
8.509150125520787,6.701303978435325,20.428757162326576,2.791280993560049,0.5834719626893003,50000.0,0.935665,1.4127027,0.4537739,0.03850116
6.170670164276059,3.3209891688988207,22.097374206076665,0.9273829817649784,0.7207509767120133,200000.0,0.3321708,0.52703327,0.09257098,0.0031532794
6.429916820528359,2.254204666655417,12.197368073200693,1.1883177105139,0.4728439133803155,50000.0,0.12349686,0.6661925,0.049441352,0.005515335
12.615106317174725,8.514372131193692,25.71140765262517,4.177511830941365,0.5093576171475502,50000.0,1.4834199,2.0862732,0.7312927,0.08619764
11.182180633162613,9.85961962633197,22.068987647283237,4.995790898885737,0.4933079481541522,200000.0,2.0105116,2.5663092,0.9463774,0.1121528
6.011226761227903,5.731211640724172,15.032522337032868,2.2918051952006686,0.6001185545276626,50000.0,0.6911438,1.1772614,0.32968512,0.024251767
5.841068061149974,2.5451135726347314,8.155532875935537,1.8228338757583276,0.2837907528537877,50000.0,0.13900438,0.967343,0.05909811,0.014150259
12.0096913145912,3.450765938674321,15.357350333560891,2.6985536451439978,0.2179841539236068,50000.0,0.24138796,1.3907155,0.111541726,0.034744218
5.727630063641936,1.1655160889272005,9.309555812811698,0.7170744904295927,0.3847579649547146,200000.0,0.10511378,0.47059494,0.016873112,0.0024347883
13.218600592903565,9.228689259044492,35.04479583573777,3.4809835355618097,0.6228084576419881,200000.0,1.8637204,1.8499999,0.8676419,0.057048038
12.062422271564962,2.05975974601127,17.767913909144298,1.3983460276432589,0.321112071273769,50000.0,0.09548285,0.745136,0.038216557,0.008181996
5.813487806418998,6.188648279628282,14.682729397562715,2.4503367417373427,0.6040594599949505,50000.0,0.80796766,1.2502677,0.3879827,0.028029684
5.84837714085192,3.466496986184854,26.82092540355235,0.7558792781307397,0.7819472276643624,200000.0,0.35860425,0.4798644,0.09965826,0.0023475224
14.866395785011754,5.9876020226421405,19.990861913455355,4.452737548640752,0.256340429473651,200000.0,0.75230366,2.327167,0.35244712,0.09655756
8.742707957561203,6.862783495166778,22.05311266682379,2.7206731666716557,0.6035612709350758,50000.0,0.977791,1.3777252,0.47303686,0.03650144
8.706421470668909,8.467676233364815,16.31180068762601,4.5196210753584065,0.4662501315827427,50000.0,1.4636408,2.2588294,0.72291964,0.09795096
13.127995672575024,2.8577914458454288,47.03442042942242,0.7976514516741421,0.7208853526265033,50000.0,0.19876206,0.4348249,0.07683407,0.0024023496
14.472485773838589,1.0989624579263242,20.86243983545551,0.7623613855217213,0.3062898736684316,100000.0,0.05738011,0.45039156,0.013224143,0.0024763974
14.860010638228708,2.2319706706192655,38.65521941428238,0.8580240498482884,0.6155755713356987,200000.0,0.20145896,0.48261338,0.04435284,0.0025524595
12.533781852589415,9.100167776632944,42.18270454268929,2.703940370130884,0.7028691737888662,100000.0,1.7695317,1.4113364,0.8506859,0.034865838
8.762595855309158,8.865010698062637,37.57038412780761,2.0675994617425277,0.766768531684414,200000.0,1.7340735,1.1300116,0.7844692,0.019717515
5.835007166986688,6.376717919532775,14.959593563377451,2.487246368338207,0.6099488169737876,200000.0,0.94473314,1.2982051,0.40741012,0.027066642
12.771469159274368,6.40465174390288,25.456633123200028,3.2131826635236576,0.4983048584050564,200000.0,0.92397934,1.6974812,0.41277155,0.05135754
10.58404249735805,6.9853300709163,24.654666244746597,2.998743913006928,0.5707083441207284,200000.0,1.1063,1.5801146,0.49522722,0.04377811
9.242220092469765,2.5783415076110465,33.167010997724994,0.7184729334978701,0.7213429906872311,200000.0,0.25213283,0.44272387,0.055731736,0.0018036999
14.06354385094736,9.229707513324636,30.73097536311951,4.223829371222505,0.5423658479832979,200000.0,1.8532361,2.2033925,0.8677653,0.08306437
6.111974823061513,4.768934724028658,7.81814638962193,3.7281994367333,0.2182322358181021,200000.0,0.48034275,1.9254768,0.21735342,0.0632608
9.926251042908593,4.448246754245477,41.11427272062074,1.0739436955015966,0.7585692173041867,100000.0,0.4675713,0.5925528,0.18998447,0.0051481756
5.113536447674191,5.670259347545538,13.237765783091763,2.190330174784781,0.6137160506189367,50000.0,0.6786338,1.1303033,0.32246134,0.021717485
9.686606419941263,1.4226937009754954,24.579558055911285,0.5606721612378599,0.605908031466348,50000.0,0.0762764,0.32353544,0.018186385,0.00087741675
5.563032756818373,2.4965503188047147,8.29566804906523,1.674173932757706,0.3294050914386303,100000.0,0.1579181,0.9163556,0.05862164,0.01232602
6.188179162680719,7.642302547837334,15.291963251815751,3.092600773534645,0.5953312821395944,100000.0,1.2736146,1.5807997,0.60996747,0.046623696
6.175262467771049,1.7451880113261382,10.955236314602695,0.9837299457594711,0.4363186433924951,100000.0,0.102305055,0.5409379,0.03014691,0.0037591464
11.492103021160636,6.428368985197494,28.080186234461916,2.630875665107179,0.5907397862248953,100000.0,0.90414864,1.3709555,0.42715418,0.035014924
12.460448792654232,3.2081419871318886,16.928941360455735,2.3613342440654983,0.2639558181847944,200000.0,0.25816002,1.2685821,0.09862351,0.024953637
10.833687650971596,4.503660526377789,26.730519738288297,1.8253012626200311,0.5947071827618217,50000.0,0.42025015,0.9538868,0.19642451,0.015733525
14.62172548474542,3.598243630936299,72.9802680724649,0.7209144606942685,0.7996482354623999,200000.0,0.37053964,0.4242529,0.10692611,0.0020377906
8.74870579523704,4.201054448184542,11.34614793802558,3.2393187183609227,0.2289272233163336,50000.0,0.35933197,1.649805,0.17269728,0.051624194
7.857120862818608,7.471413146658209,36.7678367119875,1.5966072893868708,0.7863045105327904,50000.0,1.1539121,0.83040214,0.54489946,0.012216928
13.685991281894603,3.6740954406085753,24.62150340890473,2.0422651425433207,0.4441447764337224,100000.0,0.31128365,1.0856776,0.13262701,0.021090046
7.235958385194526,6.097641762672074,26.07102272558885,1.6923878478772936,0.7224520702023556,200000.0,0.85515463,0.92773235,0.34924862,0.012560404
14.632225394406111,5.284453619791897,44.26379439741674,1.7468750138508895,0.6694312904349642,100000.0,0.61841923,0.927814,0.27196392,0.0142703
5.121544746898163,6.973040488263833,11.138872171225067,3.2061359833926613,0.5402097565920008,200000.0,1.1032189,1.645917,0.4910903,0.046772536
14.69878826707639,9.43146765392282,41.181096373905234,3.3663782244669935,0.643069525550796,50000.0,1.8053342,1.7006123,0.87996936,0.053587086
5.431599119505761,7.593148874892252,19.903939018767353,2.0720994323914024,0.7271093367808088,100000.0,1.253486,1.0899016,0.58379495,0.019986818
13.911431136980712,2.934463407316811,24.9525322189594,1.636009734669727,0.4424841929906198,100000.0,0.21570629,0.86580634,0.08316566,0.0127314385
10.277011090863,1.2806482155515622,17.021115864440343,0.7732299115719612,0.3962198969379432,50000.0,0.05523706,0.42003945,0.015922828,0.0023455936
14.929647961193004,3.360376398698426,37.376075576276264,1.3422820848937118,0.6005560313381508,50000.0,0.2508857,0.7052612,0.105687216,0.008226477
5.737965647353988,6.355701376302293,18.19886877511776,2.003904562020067,0.6847075651647552,50000.0,0.845699,1.0411378,0.40234095,0.018752653
10.538542844013207,1.462832321358253,30.757890696000217,0.501208657141303,0.6573710808659695,100000.0,0.10115374,0.3069943,0.020844266,0.0006536881
14.69302535619099,5.467296224811127,45.72824548489335,1.7567068495443394,0.6786881893151808,200000.0,0.7337495,0.99424875,0.29778364,0.015064859
10.230978441701488,6.371585640252003,18.993740333497605,3.4320546759243307,0.4613499888877598,100000.0,0.88326645,1.765645,0.4239715,0.06272953
11.293986381352624,4.008195017352648,36.51472914124701,1.23973259570618,0.690700529705013,200000.0,0.44588616,0.721761,0.15042648,0.0070665884
11.957486889846171,7.938209833712397,16.42794986337141,5.778021043703372,0.2721254332223651,100000.0,1.2660122,2.9114165,0.61909837,0.16161337
9.545410647677732,1.959384278203946,20.167502065369707,0.9273893956443948,0.5266934587765097,100000.0,0.1191475,0.53171986,0.03690504,0.0029208185
11.275580800840634,1.6762400356222789,14.155614032567795,1.3352002901307185,0.2034551962988729,50000.0,0.06264742,0.7135811,0.023541832,0.0060690814
10.843143119231,7.55369880583243,17.915191995236025,4.571864887241264,0.3947514979401622,200000.0,1.2323569,2.361841,0.5796088,0.104365595
14.01158010490989,5.459421845855786,24.15277138637374,3.167136611198978,0.4198769209228388,100000.0,0.63760847,1.6494333,0.30199876,0.053352486
5.454463803414579,7.195621567849624,9.700335887950684,4.046071995677742,0.4377036149655532,100000.0,1.0980104,2.0525663,0.5268634,0.0790582
7.809631895922303,4.913446047433716,20.40561901031264,1.8804724792489305,0.6172803240139173,50000.0,0.5002969,0.97437227,0.23502511,0.01631765
14.504114840765588,3.2176182991519613,25.586535203536833,1.8239556451628456,0.4331348607622075,50000.0,0.21686731,0.95755744,0.09611498,0.015930828
13.902637838909165,8.371920859067798,26.192655365008203,4.443680188115682,0.4692161735735184,200000.0,1.5389867,2.30778,0.72002614,0.095466115
9.55656752785713,8.194742910720812,14.53528882260036,5.38782647909721,0.3425264785245965,100000.0,1.3703083,2.7238207,0.6674696,0.1410878
11.201325978015367,7.252268237689841,19.44509483735236,4.1776613222952985,0.4239510749776041,200000.0,1.1478658,2.1683967,0.53313154,0.08763794
7.773811829811327,3.449306235069664,11.713930200023611,2.2890914626392833,0.3363617763578909,100000.0,0.27523953,1.2117171,0.11810391,0.025600048
6.881211597237613,6.312076001821784,9.101139215727292,4.772449861147445,0.2439175542610662,200000.0,0.81041914,2.4217825,0.38437194,0.10459855
9.63698404939982,4.248765072460241,22.005721181936607,1.860665274017756,0.5620691560288268,50000.0,0.37663528,0.9748875,0.17480613,0.016332699
8.533522280260527,1.8242386599397071,21.383398031016863,0.728003155837427,0.6009276791330098,100000.0,0.12229691,0.42748225,0.029281132,0.0015769394
10.83656111850872,9.255822179160186,25.30099127992712,3.964322252705303,0.5716942076057687,200000.0,1.8431973,2.0675137,0.8613278,0.073765285
5.777346369649848,2.2313676782706526,11.069758209307038,1.1645587655719862,0.4780964262803435,50000.0,0.12187548,0.6538654,0.048175402,0.005151666
14.743948076661663,9.552136184387225,25.7703422479076,5.465049651610326,0.4278714681075379,50000.0,1.7675687,2.7100372,0.875409,0.1338748
14.86210744479603,5.014051956621602,52.70254413028326,1.413961700385554,0.7180001897430952,200000.0,0.644055,0.81753635,0.24658364,0.009946932
